state,year,grade,subject,source,assessment,metric,value
Alabama,2024,4,Reading,NAEP (National Public),NAEP,Percent Below Basic,40.67
Alabama,2024,4,Reading,NAEP (National Public),NAEP,Percent Below Proficient,69.5
Alabama,2024,4,Reading,NAEP (National Public),NAEP,Percent Basic,28.83
Alabama,2024,4,Reading,NAEP (National Public),NAEP,Percent Proficient,22.23
Alabama,2024,4,Reading,NAEP (National Public),NAEP,Percent Advanced,8.27
Alabama,2024,4,Reading,NAEP (State),NAEP,Percent Below Basic,42.44
Alabama,2024,4,Reading,NAEP (State),NAEP,Percent Below Proficient,71.96
Alabama,2024,4,Reading,NAEP (State),NAEP,Percent Basic,29.52
Alabama,2024,4,Reading,NAEP (State),NAEP,Percent Proficient,20.64
Alabama,2024,4,Reading,NAEP (State),NAEP,Percent Advanced,7.41
Alabama,2025,3,ELA,ACAP,ACAP,Percent in Below-Basic Analog Tier,9.0
Alabama,2025,3,ELA,ACAP,ACAP,Percent Level 1,9.0
Alabama,2025,3,ELA,ACAP,ACAP,Percent Level 2,25.0
Alabama,2025,3,ELA,ACAP,ACAP,Percent Level 3,42.0
Alabama,2025,3,ELA,ACAP,ACAP,Percent Level 4,23.0
Alaska,2024,4,Reading,NAEP (National Public),NAEP,Percent Below Basic,40.67
Alaska,2024,4,Reading,NAEP (National Public),NAEP,Percent Below Proficient,69.5
Alaska,2024,4,Reading,NAEP (National Public),NAEP,Percent Basic,28.83
Alaska,2024,4,Reading,NAEP (National Public),NAEP,Percent Proficient,22.23
Alaska,2024,4,Reading,NAEP (National Public),NAEP,Percent Advanced,8.27
Alaska,2024,4,Reading,NAEP (State),NAEP,Percent Below Basic,52.57
Alaska,2024,4,Reading,NAEP (State),NAEP,Percent Below Proficient,78.27
Alaska,2024,4,Reading,NAEP (State),NAEP,Percent Basic,25.7
Alaska,2024,4,Reading,NAEP (State),NAEP,Percent Proficient,16.88
Alaska,2024,4,Reading,NAEP (State),NAEP,Percent Advanced,4.85
Alaska,2025,3,ELA,AK STAR,AK STAR,Percent in Below-Basic Analog Tier,36.3
Alaska,2025,3,ELA,AK STAR,AK STAR,Percent Needs Support,36.3
Alaska,2025,3,ELA,AK STAR,AK STAR,Percent Approaching Proficient,35.0
Alaska,2025,3,ELA,AK STAR,AK STAR,Percent Proficient,18.8
Alaska,2025,3,ELA,AK STAR,AK STAR,Percent Advanced,9.9
Arizona,2024,4,Reading,NAEP (National Public),NAEP,Percent Below Basic,40.67
Arizona,2024,4,Reading,NAEP (National Public),NAEP,Percent Below Proficient,69.5
Arizona,2024,4,Reading,NAEP (National Public),NAEP,Percent Basic,28.83
Arizona,2024,4,Reading,NAEP (National Public),NAEP,Percent Proficient,22.23
Arizona,2024,4,Reading,NAEP (National Public),NAEP,Percent Advanced,8.27
Arizona,2024,4,Reading,NAEP (State),NAEP,Percent Below Basic,46.53
Arizona,2024,4,Reading,NAEP (State),NAEP,Percent Below Proficient,73.55
Arizona,2024,4,Reading,NAEP (State),NAEP,Percent Basic,27.02
Arizona,2024,4,Reading,NAEP (State),NAEP,Percent Proficient,18.95
Arizona,2024,4,Reading,NAEP (State),NAEP,Percent Advanced,7.5
Arizona,2025,3,ELA,AASA,AASA,Percent in Below-Basic Analog Tier,51.7
Arizona,2025,3,ELA,AASA,AASA,Percent Minimally Proficient,51.7
Arizona,2025,3,ELA,AASA,AASA,Percent Partially Proficient,12.5
Arizona,2025,3,ELA,AASA,AASA,Percent Proficient,22.8
Arizona,2025,3,ELA,AASA,AASA,Percent Highly Proficient,13.1
Arkansas,2024,4,Reading,NAEP (National Public),NAEP,Percent Below Basic,40.67
Arkansas,2024,4,Reading,NAEP (National Public),NAEP,Percent Below Proficient,69.5
Arkansas,2024,4,Reading,NAEP (National Public),NAEP,Percent Basic,28.83
Arkansas,2024,4,Reading,NAEP (National Public),NAEP,Percent Proficient,22.23
Arkansas,2024,4,Reading,NAEP (National Public),NAEP,Percent Advanced,8.27
Arkansas,2024,4,Reading,NAEP (State),NAEP,Percent Below Basic,43.82
Arkansas,2024,4,Reading,NAEP (State),NAEP,Percent Below Proficient,71.9
Arkansas,2024,4,Reading,NAEP (State),NAEP,Percent Basic,28.08
Arkansas,2024,4,Reading,NAEP (State),NAEP,Percent Proficient,21.23
Arkansas,2024,4,Reading,NAEP (State),NAEP,Percent Advanced,6.87
Arkansas,2025,3,ELA,ATLAS,ATLAS,Percent in Below-Basic Analog Tier,29.3
Arkansas,2025,3,ELA,ATLAS,ATLAS,Percent Level 1,29.3
Arkansas,2025,3,ELA,ATLAS,ATLAS,Percent Level 2,34.8
Arkansas,2025,3,ELA,ATLAS,ATLAS,Percent Level 3,21.1
Arkansas,2025,3,ELA,ATLAS,ATLAS,Percent Level 4,14.8
California,2024,4,Reading,NAEP (National Public),NAEP,Percent Below Basic,40.67
California,2024,4,Reading,NAEP (National Public),NAEP,Percent Below Proficient,69.5
California,2024,4,Reading,NAEP (National Public),NAEP,Percent Basic,28.83
California,2024,4,Reading,NAEP (National Public),NAEP,Percent Proficient,22.23
California,2024,4,Reading,NAEP (National Public),NAEP,Percent Advanced,8.27
California,2024,4,Reading,NAEP (State),NAEP,Percent Below Basic,43.74
California,2024,4,Reading,NAEP (State),NAEP,Percent Below Proficient,71.35
California,2024,4,Reading,NAEP (State),NAEP,Percent Basic,27.61
California,2024,4,Reading,NAEP (State),NAEP,Percent Proficient,21.29
California,2024,4,Reading,NAEP (State),NAEP,Percent Advanced,7.37
California,2025,3,ELA,CAASPP,CAASPP,Percent in Below-Basic Analog Tier,56.0
California,2025,3,ELA,CAASPP,CAASPP,Percent Standard Met/Exceeded (Public Reference),44.0
Colorado,2024,4,Reading,NAEP (National Public),NAEP,Percent Below Basic,40.67
Colorado,2024,4,Reading,NAEP (National Public),NAEP,Percent Below Proficient,69.5
Colorado,2024,4,Reading,NAEP (National Public),NAEP,Percent Basic,28.83
Colorado,2024,4,Reading,NAEP (National Public),NAEP,Percent Proficient,22.23
Colorado,2024,4,Reading,NAEP (National Public),NAEP,Percent Advanced,8.27
Colorado,2024,4,Reading,NAEP (State),NAEP,Percent Below Basic,35.12
Colorado,2024,4,Reading,NAEP (State),NAEP,Percent Below Proficient,64.34
Colorado,2024,4,Reading,NAEP (State),NAEP,Percent Basic,29.22
Colorado,2024,4,Reading,NAEP (State),NAEP,Percent Proficient,24.65
Colorado,2024,4,Reading,NAEP (State),NAEP,Percent Advanced,11.0
Colorado,2025,3,ELA,CMAS,CMAS,Percent in Below-Basic Analog Tier,22.4
Colorado,2025,3,ELA,CMAS,CMAS,Percent Did Not Yet Meet Expectations,22.4
Colorado,2025,3,ELA,CMAS,CMAS,Percent Partially Met Expectations,15.7
Colorado,2025,3,ELA,CMAS,CMAS,Percent Approached Expectations,19.9
Colorado,2025,3,ELA,CMAS,CMAS,Percent Met Expectations,37.7
Colorado,2025,3,ELA,CMAS,CMAS,Percent Exceeded Expectations,4.3
Connecticut,2024,4,Reading,NAEP (National Public),NAEP,Percent Below Basic,40.67
Connecticut,2024,4,Reading,NAEP (National Public),NAEP,Percent Below Proficient,69.5
Connecticut,2024,4,Reading,NAEP (National Public),NAEP,Percent Basic,28.83
Connecticut,2024,4,Reading,NAEP (National Public),NAEP,Percent Proficient,22.23
Connecticut,2024,4,Reading,NAEP (National Public),NAEP,Percent Advanced,8.27
Connecticut,2024,4,Reading,NAEP (State),NAEP,Percent Below Basic,36.79
Connecticut,2024,4,Reading,NAEP (State),NAEP,Percent Below Proficient,63.85
Connecticut,2024,4,Reading,NAEP (State),NAEP,Percent Basic,27.06
Connecticut,2024,4,Reading,NAEP (State),NAEP,Percent Proficient,24.41
Connecticut,2024,4,Reading,NAEP (State),NAEP,Percent Advanced,11.75
Connecticut,2025,3,ELA,Smarter Balanced,Smarter Balanced,Percent in Below-Basic Analog Tier,30.7
Connecticut,2025,3,ELA,Smarter Balanced,Smarter Balanced,Percent Level 1 Not Met,30.7
Connecticut,2025,3,ELA,Smarter Balanced,Smarter Balanced,Percent Level 2 Approaching,22.4
Connecticut,2025,3,ELA,Smarter Balanced,Smarter Balanced,Percent Level 3 Met,20.8
Connecticut,2025,3,ELA,Smarter Balanced,Smarter Balanced,Percent Level 4 Exceeded,26.0
Delaware,2024,4,Reading,NAEP (National Public),NAEP,Percent Below Basic,40.67
Delaware,2024,4,Reading,NAEP (National Public),NAEP,Percent Below Proficient,69.5
Delaware,2024,4,Reading,NAEP (National Public),NAEP,Percent Basic,28.83
Delaware,2024,4,Reading,NAEP (National Public),NAEP,Percent Proficient,22.23
Delaware,2024,4,Reading,NAEP (National Public),NAEP,Percent Advanced,8.27
Delaware,2024,4,Reading,NAEP (State),NAEP,Percent Below Basic,44.62
Delaware,2024,4,Reading,NAEP (State),NAEP,Percent Below Proficient,73.52
Delaware,2024,4,Reading,NAEP (State),NAEP,Percent Basic,28.9
Delaware,2024,4,Reading,NAEP (State),NAEP,Percent Proficient,20.04
Delaware,2024,4,Reading,NAEP (State),NAEP,Percent Advanced,6.44
Delaware,2025,3,ELA,Smarter Balanced,Smarter Balanced,Percent in Below-Basic Analog Tier,61.28
Delaware,2025,3,ELA,Smarter Balanced,Smarter Balanced,Percent Met Achievement Standard (proficient) (Public Reference),38.72
District of Columbia,2024,4,Reading,NAEP (National Public),NAEP,Percent Below Basic,40.67
District of Columbia,2024,4,Reading,NAEP (National Public),NAEP,Percent Below Proficient,69.5
District of Columbia,2024,4,Reading,NAEP (National Public),NAEP,Percent Basic,28.83
District of Columbia,2024,4,Reading,NAEP (National Public),NAEP,Percent Proficient,22.23
District of Columbia,2024,4,Reading,NAEP (National Public),NAEP,Percent Advanced,8.27
District of Columbia,2024,4,Reading,NAEP (State),NAEP,Percent Below Basic,48.01
District of Columbia,2024,4,Reading,NAEP (State),NAEP,Percent Below Proficient,70.36
District of Columbia,2024,4,Reading,NAEP (State),NAEP,Percent Basic,22.35
District of Columbia,2024,4,Reading,NAEP (State),NAEP,Percent Proficient,18.61
District of Columbia,2024,4,Reading,NAEP (State),NAEP,Percent Advanced,11.02
District of Columbia,2025,3,ELA,DC CAPE,DC CAPE,Percent in Below-Basic Analog Tier,34.4
District of Columbia,2025,3,ELA,DC CAPE,DC CAPE,Percent Did Not Yet Meet Expectations,34.4
District of Columbia,2025,3,ELA,DC CAPE,DC CAPE,Percent Partially Met Expectations,17.1
District of Columbia,2025,3,ELA,DC CAPE,DC CAPE,Percent Approached Expectations,18.3
District of Columbia,2025,3,ELA,DC CAPE,DC CAPE,Percent Met Expectations,26.2
District of Columbia,2025,3,ELA,DC CAPE,DC CAPE,Percent Exceeded Expectations,4.0
Florida,2024,4,Reading,NAEP (National Public),NAEP,Percent Below Basic,40.67
Florida,2024,4,Reading,NAEP (National Public),NAEP,Percent Below Proficient,69.5
Florida,2024,4,Reading,NAEP (National Public),NAEP,Percent Basic,28.83
Florida,2024,4,Reading,NAEP (National Public),NAEP,Percent Proficient,22.23
Florida,2024,4,Reading,NAEP (National Public),NAEP,Percent Advanced,8.27
Florida,2024,4,Reading,NAEP (State),NAEP,Percent Below Basic,37.56
Florida,2024,4,Reading,NAEP (State),NAEP,Percent Below Proficient,67.01
Florida,2024,4,Reading,NAEP (State),NAEP,Percent Basic,29.45
Florida,2024,4,Reading,NAEP (State),NAEP,Percent Proficient,23.64
Florida,2024,4,Reading,NAEP (State),NAEP,Percent Advanced,9.35
Florida,2025,3,ELA,FAST,FAST,Percent in Below-Basic Analog Tier,22.0
Florida,2025,3,ELA,FAST,FAST,Percent Level 1,22.0
Florida,2025,3,ELA,FAST,FAST,Percent Level 2,21.0
Florida,2025,3,ELA,FAST,FAST,Percent Level 3,23.0
Florida,2025,3,ELA,FAST,FAST,Percent Level 4,21.0
Florida,2025,3,ELA,FAST,FAST,Percent Level 5,14.0
Georgia,2024,4,Reading,NAEP (National Public),NAEP,Percent Below Basic,40.67
Georgia,2024,4,Reading,NAEP (National Public),NAEP,Percent Below Proficient,69.5
Georgia,2024,4,Reading,NAEP (National Public),NAEP,Percent Basic,28.83
Georgia,2024,4,Reading,NAEP (National Public),NAEP,Percent Proficient,22.23
Georgia,2024,4,Reading,NAEP (National Public),NAEP,Percent Advanced,8.27
Georgia,2024,4,Reading,NAEP (State),NAEP,Percent Below Basic,40.59
Georgia,2024,4,Reading,NAEP (State),NAEP,Percent Below Proficient,69.56
Georgia,2024,4,Reading,NAEP (State),NAEP,Percent Basic,28.97
Georgia,2024,4,Reading,NAEP (State),NAEP,Percent Proficient,21.89
Georgia,2024,4,Reading,NAEP (State),NAEP,Percent Advanced,8.55
Georgia,2025,3,ELA,Georgia Milestones,Georgia Milestones,Percent in Below-Basic Analog Tier,36.9
Georgia,2025,3,ELA,Georgia Milestones,Georgia Milestones,Percent Beginning Learner,36.9
Georgia,2025,3,ELA,Georgia Milestones,Georgia Milestones,Percent Developing Learner,28.18
Georgia,2025,3,ELA,Georgia Milestones,Georgia Milestones,Percent Proficient Learner,23.63
Georgia,2025,3,ELA,Georgia Milestones,Georgia Milestones,Percent Distinguished Learner,11.29
Hawaii,2024,4,Reading,NAEP (National Public),NAEP,Percent Below Basic,40.67
Hawaii,2024,4,Reading,NAEP (National Public),NAEP,Percent Below Proficient,69.5
Hawaii,2024,4,Reading,NAEP (National Public),NAEP,Percent Basic,28.83
Hawaii,2024,4,Reading,NAEP (National Public),NAEP,Percent Proficient,22.23
Hawaii,2024,4,Reading,NAEP (National Public),NAEP,Percent Advanced,8.27
Hawaii,2024,4,Reading,NAEP (State),NAEP,Percent Below Basic,39.05
Hawaii,2024,4,Reading,NAEP (State),NAEP,Percent Below Proficient,68.41
Hawaii,2024,4,Reading,NAEP (State),NAEP,Percent Basic,29.35
Hawaii,2024,4,Reading,NAEP (State),NAEP,Percent Proficient,23.19
Hawaii,2024,4,Reading,NAEP (State),NAEP,Percent Advanced,8.4
Hawaii,2025,3,ELA,Smarter Balanced,Smarter Balanced,Percent in Below-Basic Analog Tier,50.1
Hawaii,2025,3,ELA,Smarter Balanced,Smarter Balanced,Percent Met or Exceeded Achievement Standard (Public Reference),49.9
Idaho,2024,4,Reading,NAEP (National Public),NAEP,Percent Below Basic,40.67
Idaho,2024,4,Reading,NAEP (National Public),NAEP,Percent Below Proficient,69.5
Idaho,2024,4,Reading,NAEP (National Public),NAEP,Percent Basic,28.83
Idaho,2024,4,Reading,NAEP (National Public),NAEP,Percent Proficient,22.23
Idaho,2024,4,Reading,NAEP (National Public),NAEP,Percent Advanced,8.27
Idaho,2024,4,Reading,NAEP (State),NAEP,Percent Below Basic,38.6
Idaho,2024,4,Reading,NAEP (State),NAEP,Percent Below Proficient,68.13
Idaho,2024,4,Reading,NAEP (State),NAEP,Percent Basic,29.53
Idaho,2024,4,Reading,NAEP (State),NAEP,Percent Proficient,24.32
Idaho,2024,4,Reading,NAEP (State),NAEP,Percent Advanced,7.55
Idaho,2024,3,ELA,ISAT,ISAT,Percent in Below-Basic Analog Tier,29.0
Idaho,2024,3,ELA,ISAT,ISAT,Percent Level 1,29.0
Idaho,2024,3,ELA,ISAT,ISAT,Percent Level 2,23.0
Idaho,2024,3,ELA,ISAT,ISAT,Percent Level 3,22.0
Idaho,2024,3,ELA,ISAT,ISAT,Percent Level 4,25.0
Illinois,2024,4,Reading,NAEP (National Public),NAEP,Percent Below Basic,40.67
Illinois,2024,4,Reading,NAEP (National Public),NAEP,Percent Below Proficient,69.5
Illinois,2024,4,Reading,NAEP (National Public),NAEP,Percent Basic,28.83
Illinois,2024,4,Reading,NAEP (National Public),NAEP,Percent Proficient,22.23
Illinois,2024,4,Reading,NAEP (National Public),NAEP,Percent Advanced,8.27
Illinois,2024,4,Reading,NAEP (State),NAEP,Percent Below Basic,40.68
Illinois,2024,4,Reading,NAEP (State),NAEP,Percent Below Proficient,69.57
Illinois,2024,4,Reading,NAEP (State),NAEP,Percent Basic,28.88
Illinois,2024,4,Reading,NAEP (State),NAEP,Percent Proficient,21.33
Illinois,2024,4,Reading,NAEP (State),NAEP,Percent Advanced,9.1
Illinois,2025,3,ELA,IAR,IAR,Percent in Below-Basic Analog Tier,52.7
Illinois,2025,3,ELA,IAR,IAR,Percent Proficient (Public Reference),47.3
Indiana,2024,4,Reading,NAEP (National Public),NAEP,Percent Below Basic,40.67
Indiana,2024,4,Reading,NAEP (National Public),NAEP,Percent Below Proficient,69.5
Indiana,2024,4,Reading,NAEP (National Public),NAEP,Percent Basic,28.83
Indiana,2024,4,Reading,NAEP (National Public),NAEP,Percent Proficient,22.23
Indiana,2024,4,Reading,NAEP (National Public),NAEP,Percent Advanced,8.27
Indiana,2024,4,Reading,NAEP (State),NAEP,Percent Below Basic,34.74
Indiana,2024,4,Reading,NAEP (State),NAEP,Percent Below Proficient,65.54
Indiana,2024,4,Reading,NAEP (State),NAEP,Percent Basic,30.79
Indiana,2024,4,Reading,NAEP (State),NAEP,Percent Proficient,24.47
Indiana,2024,4,Reading,NAEP (State),NAEP,Percent Advanced,10.0
Indiana,2025,3,ELA,ILEARN,ILEARN,Percent in Below-Basic Analog Tier,39.18
Indiana,2025,3,ELA,ILEARN,ILEARN,Percent Below Proficiency,39.18
Indiana,2025,3,ELA,ILEARN,ILEARN,Percent Approaching Proficiency,20.56
Indiana,2025,3,ELA,ILEARN,ILEARN,Percent At Proficiency,23.26
Indiana,2025,3,ELA,ILEARN,ILEARN,Percent Above Proficiency,17.0
Iowa,2024,4,Reading,NAEP (National Public),NAEP,Percent Below Basic,40.67
Iowa,2024,4,Reading,NAEP (National Public),NAEP,Percent Below Proficient,69.5
Iowa,2024,4,Reading,NAEP (National Public),NAEP,Percent Basic,28.83
Iowa,2024,4,Reading,NAEP (National Public),NAEP,Percent Proficient,22.23
Iowa,2024,4,Reading,NAEP (National Public),NAEP,Percent Advanced,8.27
Iowa,2024,4,Reading,NAEP (State),NAEP,Percent Below Basic,39.48
Iowa,2024,4,Reading,NAEP (State),NAEP,Percent Below Proficient,70.84
Iowa,2024,4,Reading,NAEP (State),NAEP,Percent Basic,31.37
Iowa,2024,4,Reading,NAEP (State),NAEP,Percent Proficient,22.35
Iowa,2024,4,Reading,NAEP (State),NAEP,Percent Advanced,6.81
Iowa,2025,3,ELA,ISASP,ISASP,Percent in Below-Basic Analog Tier,32.0
Iowa,2025,3,ELA,ISASP,ISASP,Percent Proficient (Public Reference),68.0
Kansas,2024,4,Reading,NAEP (National Public),NAEP,Percent Below Basic,40.67
Kansas,2024,4,Reading,NAEP (National Public),NAEP,Percent Below Proficient,69.5
Kansas,2024,4,Reading,NAEP (National Public),NAEP,Percent Basic,28.83
Kansas,2024,4,Reading,NAEP (National Public),NAEP,Percent Proficient,22.23
Kansas,2024,4,Reading,NAEP (National Public),NAEP,Percent Advanced,8.27
Kansas,2024,4,Reading,NAEP (State),NAEP,Percent Below Basic,40.09
Kansas,2024,4,Reading,NAEP (State),NAEP,Percent Below Proficient,71.72
Kansas,2024,4,Reading,NAEP (State),NAEP,Percent Basic,31.63
Kansas,2024,4,Reading,NAEP (State),NAEP,Percent Proficient,22.59
Kansas,2024,4,Reading,NAEP (State),NAEP,Percent Advanced,5.69
Kansas,2025,3,ELA,Kansas State Assessment,Kansas State Assessment,Percent in Below-Basic Analog Tier,27.2
Kansas,2025,3,ELA,Kansas State Assessment,Kansas State Assessment,Percent Level 1,27.2
Kansas,2025,3,ELA,Kansas State Assessment,Kansas State Assessment,Percent Level 2,20.9
Kansas,2025,3,ELA,Kansas State Assessment,Kansas State Assessment,Percent Level 3,39.2
Kansas,2025,3,ELA,Kansas State Assessment,Kansas State Assessment,Percent Level 4,12.7
Kentucky,2024,4,Reading,NAEP (National Public),NAEP,Percent Below Basic,40.67
Kentucky,2024,4,Reading,NAEP (National Public),NAEP,Percent Below Proficient,69.5
Kentucky,2024,4,Reading,NAEP (National Public),NAEP,Percent Basic,28.83
Kentucky,2024,4,Reading,NAEP (National Public),NAEP,Percent Proficient,22.23
Kentucky,2024,4,Reading,NAEP (National Public),NAEP,Percent Advanced,8.27
Kentucky,2024,4,Reading,NAEP (State),NAEP,Percent Below Basic,37.7
Kentucky,2024,4,Reading,NAEP (State),NAEP,Percent Below Proficient,67.29
Kentucky,2024,4,Reading,NAEP (State),NAEP,Percent Basic,29.59
Kentucky,2024,4,Reading,NAEP (State),NAEP,Percent Proficient,22.97
Kentucky,2024,4,Reading,NAEP (State),NAEP,Percent Advanced,9.74
Kentucky,2024,3,ELA,KSA,KSA,Percent in Below-Basic Analog Tier,24.8
Kentucky,2024,3,ELA,KSA,KSA,Percent Novice,24.8
Kentucky,2024,3,ELA,KSA,KSA,Percent Apprentice,28.3
Kentucky,2024,3,ELA,KSA,KSA,Percent Proficient,28.8
Kentucky,2024,3,ELA,KSA,KSA,Percent Distinguished,18.1
Louisiana,2024,4,Reading,NAEP (National Public),NAEP,Percent Below Basic,40.67
Louisiana,2024,4,Reading,NAEP (National Public),NAEP,Percent Below Proficient,69.5
Louisiana,2024,4,Reading,NAEP (National Public),NAEP,Percent Basic,28.83
Louisiana,2024,4,Reading,NAEP (National Public),NAEP,Percent Proficient,22.23
Louisiana,2024,4,Reading,NAEP (National Public),NAEP,Percent Advanced,8.27
Louisiana,2024,4,Reading,NAEP (State),NAEP,Percent Below Basic,39.58
Louisiana,2024,4,Reading,NAEP (State),NAEP,Percent Below Proficient,68.16
Louisiana,2024,4,Reading,NAEP (State),NAEP,Percent Basic,28.59
Louisiana,2024,4,Reading,NAEP (State),NAEP,Percent Proficient,22.43
Louisiana,2024,4,Reading,NAEP (State),NAEP,Percent Advanced,9.41
Louisiana,2025,3,ELA,LEAP,LEAP,Percent in Below-Basic Analog Tier,17.0
Louisiana,2025,3,ELA,LEAP,LEAP,Percent Unsatisfactory,17.0
Louisiana,2025,3,ELA,LEAP,LEAP,Percent Approaching Basic,18.0
Louisiana,2025,3,ELA,LEAP,LEAP,Percent Basic,22.0
Louisiana,2025,3,ELA,LEAP,LEAP,Percent Mastery,36.0
Louisiana,2025,3,ELA,LEAP,LEAP,Percent Advanced,7.0
Maine,2024,4,Reading,NAEP (National Public),NAEP,Percent Below Basic,40.67
Maine,2024,4,Reading,NAEP (National Public),NAEP,Percent Below Proficient,69.5
Maine,2024,4,Reading,NAEP (National Public),NAEP,Percent Basic,28.83
Maine,2024,4,Reading,NAEP (National Public),NAEP,Percent Proficient,22.23
Maine,2024,4,Reading,NAEP (National Public),NAEP,Percent Advanced,8.27
Maine,2024,4,Reading,NAEP (State),NAEP,Percent Below Basic,44.48
Maine,2024,4,Reading,NAEP (State),NAEP,Percent Below Proficient,73.93
Maine,2024,4,Reading,NAEP (State),NAEP,Percent Basic,29.46
Maine,2024,4,Reading,NAEP (State),NAEP,Percent Proficient,20.46
Maine,2024,4,Reading,NAEP (State),NAEP,Percent Advanced,5.6
Maine,2025,3,ELA,Maine Through Year Assessment,Maine Through Year Assessment,Percent in Below-Basic Analog Tier,12.6
Maine,2025,3,ELA,Maine Through Year Assessment,Maine Through Year Assessment,Percent Well Below State Expectations,12.6
Maine,2025,3,ELA,Maine Through Year Assessment,Maine Through Year Assessment,Percent Below State Expectations,27.1
Maine,2025,3,ELA,Maine Through Year Assessment,Maine Through Year Assessment,Percent At State Expectations,47.3
Maine,2025,3,ELA,Maine Through Year Assessment,Maine Through Year Assessment,Percent Above State Expectations,13.0
Maryland,2024,4,Reading,NAEP (National Public),NAEP,Percent Below Basic,40.67
Maryland,2024,4,Reading,NAEP (National Public),NAEP,Percent Below Proficient,69.5
Maryland,2024,4,Reading,NAEP (National Public),NAEP,Percent Basic,28.83
Maryland,2024,4,Reading,NAEP (National Public),NAEP,Percent Proficient,22.23
Maryland,2024,4,Reading,NAEP (National Public),NAEP,Percent Advanced,8.27
Maryland,2024,4,Reading,NAEP (State),NAEP,Percent Below Basic,40.78
Maryland,2024,4,Reading,NAEP (State),NAEP,Percent Below Proficient,66.45
Maryland,2024,4,Reading,NAEP (State),NAEP,Percent Basic,25.66
Maryland,2024,4,Reading,NAEP (State),NAEP,Percent Proficient,21.52
Maryland,2024,4,Reading,NAEP (State),NAEP,Percent Advanced,12.03
Maryland,2025,3,ELA,MCAP,MCAP,Percent in Below-Basic Analog Tier,7.3
Maryland,2025,3,ELA,MCAP,MCAP,Percent PL 1,7.3
Maryland,2025,3,ELA,MCAP,MCAP,Percent PL 2,42.7
Maryland,2025,3,ELA,MCAP,MCAP,Percent PL 3,44.1
Maryland,2025,3,ELA,MCAP,MCAP,Percent PL 4,6.0
Massachusetts,2024,4,Reading,NAEP (National Public),NAEP,Percent Below Basic,40.67
Massachusetts,2024,4,Reading,NAEP (National Public),NAEP,Percent Below Proficient,69.5
Massachusetts,2024,4,Reading,NAEP (National Public),NAEP,Percent Basic,28.83
Massachusetts,2024,4,Reading,NAEP (National Public),NAEP,Percent Proficient,22.23
Massachusetts,2024,4,Reading,NAEP (National Public),NAEP,Percent Advanced,8.27
Massachusetts,2024,4,Reading,NAEP (State),NAEP,Percent Below Basic,31.72
Massachusetts,2024,4,Reading,NAEP (State),NAEP,Percent Below Proficient,59.6
Massachusetts,2024,4,Reading,NAEP (State),NAEP,Percent Basic,27.88
Massachusetts,2024,4,Reading,NAEP (State),NAEP,Percent Proficient,25.8
Massachusetts,2024,4,Reading,NAEP (State),NAEP,Percent Advanced,14.59
Massachusetts,2025,3,ELA,MCAS,MCAS,Percent in Below-Basic Analog Tier,19.0
Massachusetts,2025,3,ELA,MCAS,MCAS,Percent Not Meeting Expectations,19.0
Massachusetts,2025,3,ELA,MCAS,MCAS,Percent Partially Meeting Expectations,39.0
Massachusetts,2025,3,ELA,MCAS,MCAS,Percent Meeting Expectations,37.0
Massachusetts,2025,3,ELA,MCAS,MCAS,Percent Exceeding Expectations,6.0
Michigan,2024,4,Reading,NAEP (National Public),NAEP,Percent Below Basic,40.67
Michigan,2024,4,Reading,NAEP (National Public),NAEP,Percent Below Proficient,69.5
Michigan,2024,4,Reading,NAEP (National Public),NAEP,Percent Basic,28.83
Michigan,2024,4,Reading,NAEP (National Public),NAEP,Percent Proficient,22.23
Michigan,2024,4,Reading,NAEP (National Public),NAEP,Percent Advanced,8.27
Michigan,2024,4,Reading,NAEP (State),NAEP,Percent Below Basic,45.38
Michigan,2024,4,Reading,NAEP (State),NAEP,Percent Below Proficient,75.44
Michigan,2024,4,Reading,NAEP (State),NAEP,Percent Basic,30.07
Michigan,2024,4,Reading,NAEP (State),NAEP,Percent Proficient,19.28
Michigan,2024,4,Reading,NAEP (State),NAEP,Percent Advanced,5.28
Michigan,2025,3,ELA,M-STEP,M-STEP,Percent in Below-Basic Analog Tier,36.5
Michigan,2025,3,ELA,M-STEP,M-STEP,Percent Not Proficient,36.5
Michigan,2025,3,ELA,M-STEP,M-STEP,Percent Partially Proficient,24.6
Michigan,2025,3,ELA,M-STEP,M-STEP,Percent Proficient or Advanced,38.9
Minnesota,2022,3,ELA,Statewide RLA Assessment (Ed Data Express),Statewide RLA Assessment (Ed Data Express),Percent in Below-Basic Analog Tier,51.9
Minnesota,2022,3,ELA,Statewide RLA Assessment (Ed Data Express),Statewide RLA Assessment (Ed Data Express),Percent Proficient (Federal Proxy Source),48.1
Minnesota,2024,4,Reading,NAEP (National Public),NAEP,Percent Below Basic,40.67
Minnesota,2024,4,Reading,NAEP (National Public),NAEP,Percent Below Proficient,69.5
Minnesota,2024,4,Reading,NAEP (National Public),NAEP,Percent Basic,28.83
Minnesota,2024,4,Reading,NAEP (National Public),NAEP,Percent Proficient,22.23
Minnesota,2024,4,Reading,NAEP (National Public),NAEP,Percent Advanced,8.27
Minnesota,2024,4,Reading,NAEP (State),NAEP,Percent Below Basic,39.12
Minnesota,2024,4,Reading,NAEP (State),NAEP,Percent Below Proficient,69.3
Minnesota,2024,4,Reading,NAEP (State),NAEP,Percent Basic,30.19
Minnesota,2024,4,Reading,NAEP (State),NAEP,Percent Proficient,24.12
Minnesota,2024,4,Reading,NAEP (State),NAEP,Percent Advanced,6.58
Mississippi,2024,4,Reading,NAEP (National Public),NAEP,Percent Below Basic,40.67
Mississippi,2024,4,Reading,NAEP (National Public),NAEP,Percent Below Proficient,69.5
Mississippi,2024,4,Reading,NAEP (National Public),NAEP,Percent Basic,28.83
Mississippi,2024,4,Reading,NAEP (National Public),NAEP,Percent Proficient,22.23
Mississippi,2024,4,Reading,NAEP (National Public),NAEP,Percent Advanced,8.27
Mississippi,2024,4,Reading,NAEP (State),NAEP,Percent Below Basic,35.39
Mississippi,2024,4,Reading,NAEP (State),NAEP,Percent Below Proficient,68.02
Mississippi,2024,4,Reading,NAEP (State),NAEP,Percent Basic,32.63
Mississippi,2024,4,Reading,NAEP (State),NAEP,Percent Proficient,25.18
Mississippi,2024,4,Reading,NAEP (State),NAEP,Percent Advanced,6.81
Mississippi,2025,3,ELA,MAAP,MAAP,Percent in Below-Basic Analog Tier,10.7
Mississippi,2025,3,ELA,MAAP,MAAP,Percent Minimal,10.7
Mississippi,2025,3,ELA,MAAP,MAAP,Percent Basic,13.7
Mississippi,2025,3,ELA,MAAP,MAAP,Percent Pass,26.3
Mississippi,2025,3,ELA,MAAP,MAAP,Percent Proficient,35.5
Mississippi,2025,3,ELA,MAAP,MAAP,Percent Advanced,13.9
Missouri,2024,4,Reading,NAEP (National Public),NAEP,Percent Below Basic,40.67
Missouri,2024,4,Reading,NAEP (National Public),NAEP,Percent Below Proficient,69.5
Missouri,2024,4,Reading,NAEP (National Public),NAEP,Percent Basic,28.83
Missouri,2024,4,Reading,NAEP (National Public),NAEP,Percent Proficient,22.23
Missouri,2024,4,Reading,NAEP (National Public),NAEP,Percent Advanced,8.27
Missouri,2024,4,Reading,NAEP (State),NAEP,Percent Below Basic,42.05
Missouri,2024,4,Reading,NAEP (State),NAEP,Percent Below Proficient,72.84
Missouri,2024,4,Reading,NAEP (State),NAEP,Percent Basic,30.79
Missouri,2024,4,Reading,NAEP (State),NAEP,Percent Proficient,20.83
Missouri,2024,4,Reading,NAEP (State),NAEP,Percent Advanced,6.33
Missouri,2025,3,ELA,MAP,MAP,Percent in Below-Basic Analog Tier,18.0
Missouri,2025,3,ELA,MAP,MAP,Percent Below Basic,18.0
Missouri,2025,3,ELA,MAP,MAP,Percent Basic,23.0
Missouri,2025,3,ELA,MAP,MAP,Percent Proficient,28.0
Missouri,2025,3,ELA,MAP,MAP,Percent Advanced,31.0
Montana,2024,4,Reading,NAEP (National Public),NAEP,Percent Below Basic,40.67
Montana,2024,4,Reading,NAEP (National Public),NAEP,Percent Below Proficient,69.5
Montana,2024,4,Reading,NAEP (National Public),NAEP,Percent Basic,28.83
Montana,2024,4,Reading,NAEP (National Public),NAEP,Percent Proficient,22.23
Montana,2024,4,Reading,NAEP (National Public),NAEP,Percent Advanced,8.27
Montana,2024,4,Reading,NAEP (State),NAEP,Percent Below Basic,37.83
Montana,2024,4,Reading,NAEP (State),NAEP,Percent Below Proficient,68.12
Montana,2024,4,Reading,NAEP (State),NAEP,Percent Basic,30.29
Montana,2024,4,Reading,NAEP (State),NAEP,Percent Proficient,24.24
Montana,2024,4,Reading,NAEP (State),NAEP,Percent Advanced,7.64
Montana,2025,3,ELA,MAST,MAST,Percent in Below-Basic Analog Tier,32.8
Montana,2025,3,ELA,MAST,MAST,Percent Novice,32.8
Montana,2025,3,ELA,MAST,MAST,Percent Partially Proficient,31.3
Montana,2025,3,ELA,MAST,MAST,Percent Proficient,28.8
Montana,2025,3,ELA,MAST,MAST,Percent Advanced,7.2
Nebraska,2022,3,ELA,Statewide RLA Assessment (Ed Data Express),Statewide RLA Assessment (Ed Data Express),Percent in Below-Basic Analog Tier,50.0
Nebraska,2022,3,ELA,Statewide RLA Assessment (Ed Data Express),Statewide RLA Assessment (Ed Data Express),Percent Proficient (Federal Proxy Source),50.0
Nebraska,2024,4,Reading,NAEP (National Public),NAEP,Percent Below Basic,40.67
Nebraska,2024,4,Reading,NAEP (National Public),NAEP,Percent Below Proficient,69.5
Nebraska,2024,4,Reading,NAEP (National Public),NAEP,Percent Basic,28.83
Nebraska,2024,4,Reading,NAEP (National Public),NAEP,Percent Proficient,22.23
Nebraska,2024,4,Reading,NAEP (National Public),NAEP,Percent Advanced,8.27
Nebraska,2024,4,Reading,NAEP (State),NAEP,Percent Below Basic,42.18
Nebraska,2024,4,Reading,NAEP (State),NAEP,Percent Below Proficient,72.02
Nebraska,2024,4,Reading,NAEP (State),NAEP,Percent Basic,29.84
Nebraska,2024,4,Reading,NAEP (State),NAEP,Percent Proficient,21.67
Nebraska,2024,4,Reading,NAEP (State),NAEP,Percent Advanced,6.3
Nevada,2022,3,ELA,Statewide RLA Assessment (Ed Data Express),Statewide RLA Assessment (Ed Data Express),Percent in Below-Basic Analog Tier,59.1
Nevada,2022,3,ELA,Statewide RLA Assessment (Ed Data Express),Statewide RLA Assessment (Ed Data Express),Percent Proficient (Federal Proxy Source),40.9
Nevada,2024,4,Reading,NAEP (National Public),NAEP,Percent Below Basic,40.67
Nevada,2024,4,Reading,NAEP (National Public),NAEP,Percent Below Proficient,69.5
Nevada,2024,4,Reading,NAEP (National Public),NAEP,Percent Basic,28.83
Nevada,2024,4,Reading,NAEP (National Public),NAEP,Percent Proficient,22.23
Nevada,2024,4,Reading,NAEP (National Public),NAEP,Percent Advanced,8.27
Nevada,2024,4,Reading,NAEP (State),NAEP,Percent Below Basic,41.44
Nevada,2024,4,Reading,NAEP (State),NAEP,Percent Below Proficient,69.97
Nevada,2024,4,Reading,NAEP (State),NAEP,Percent Basic,28.54
Nevada,2024,4,Reading,NAEP (State),NAEP,Percent Proficient,22.6
Nevada,2024,4,Reading,NAEP (State),NAEP,Percent Advanced,7.43
New Hampshire,2024,4,Reading,NAEP (National Public),NAEP,Percent Below Basic,40.67
New Hampshire,2024,4,Reading,NAEP (National Public),NAEP,Percent Below Proficient,69.5
New Hampshire,2024,4,Reading,NAEP (National Public),NAEP,Percent Basic,28.83
New Hampshire,2024,4,Reading,NAEP (National Public),NAEP,Percent Proficient,22.23
New Hampshire,2024,4,Reading,NAEP (National Public),NAEP,Percent Advanced,8.27
New Hampshire,2024,4,Reading,NAEP (State),NAEP,Percent Below Basic,33.27
New Hampshire,2024,4,Reading,NAEP (State),NAEP,Percent Below Proficient,63.82
New Hampshire,2024,4,Reading,NAEP (State),NAEP,Percent Basic,30.55
New Hampshire,2024,4,Reading,NAEP (State),NAEP,Percent Proficient,26.33
New Hampshire,2024,4,Reading,NAEP (State),NAEP,Percent Advanced,9.85
New Hampshire,2025,3,ELA,NH SAS,NH SAS,Percent in Below-Basic Analog Tier,51.0
New Hampshire,2025,3,ELA,NH SAS,NH SAS,Percent Proficient (Public Reference),49.0
New Jersey,2024,4,Reading,NAEP (National Public),NAEP,Percent Below Basic,40.67
New Jersey,2024,4,Reading,NAEP (National Public),NAEP,Percent Below Proficient,69.5
New Jersey,2024,4,Reading,NAEP (National Public),NAEP,Percent Basic,28.83
New Jersey,2024,4,Reading,NAEP (National Public),NAEP,Percent Proficient,22.23
New Jersey,2024,4,Reading,NAEP (National Public),NAEP,Percent Advanced,8.27
New Jersey,2024,4,Reading,NAEP (State),NAEP,Percent Below Basic,33.68
New Jersey,2024,4,Reading,NAEP (State),NAEP,Percent Below Proficient,61.69
New Jersey,2024,4,Reading,NAEP (State),NAEP,Percent Basic,28.01
New Jersey,2024,4,Reading,NAEP (State),NAEP,Percent Proficient,25.01
New Jersey,2024,4,Reading,NAEP (State),NAEP,Percent Advanced,13.31
New Jersey,2025,3,ELA,NJSLA,NJSLA,Percent in Below-Basic Analog Tier,19.0
New Jersey,2025,3,ELA,NJSLA,NJSLA,Percent Level 1,19.0
New Jersey,2025,3,ELA,NJSLA,NJSLA,Percent Level 2,16.0
New Jersey,2025,3,ELA,NJSLA,NJSLA,Percent Level 3,20.1
New Jersey,2025,3,ELA,NJSLA,NJSLA,Percent Level 4,37.0
New Jersey,2025,3,ELA,NJSLA,NJSLA,Percent Level 5,7.9
New Mexico,2024,4,Reading,NAEP (National Public),NAEP,Percent Below Basic,40.67
New Mexico,2024,4,Reading,NAEP (National Public),NAEP,Percent Below Proficient,69.5
New Mexico,2024,4,Reading,NAEP (National Public),NAEP,Percent Basic,28.83
New Mexico,2024,4,Reading,NAEP (National Public),NAEP,Percent Proficient,22.23
New Mexico,2024,4,Reading,NAEP (National Public),NAEP,Percent Advanced,8.27
New Mexico,2024,4,Reading,NAEP (State),NAEP,Percent Below Basic,53.13
New Mexico,2024,4,Reading,NAEP (State),NAEP,Percent Below Proficient,79.71
New Mexico,2024,4,Reading,NAEP (State),NAEP,Percent Basic,26.58
New Mexico,2024,4,Reading,NAEP (State),NAEP,Percent Proficient,16.34
New Mexico,2024,4,Reading,NAEP (State),NAEP,Percent Advanced,3.95
New Mexico,2025,3,ELA,NM-MSSA,NM-MSSA,Percent in Below-Basic Analog Tier,59.0
New Mexico,2025,3,ELA,NM-MSSA,NM-MSSA,Percent Proficient (Public Reference),41.0
New York,2024,4,Reading,NAEP (National Public),NAEP,Percent Below Basic,40.67
New York,2024,4,Reading,NAEP (National Public),NAEP,Percent Below Proficient,69.5
New York,2024,4,Reading,NAEP (National Public),NAEP,Percent Basic,28.83
New York,2024,4,Reading,NAEP (National Public),NAEP,Percent Proficient,22.23
New York,2024,4,Reading,NAEP (National Public),NAEP,Percent Advanced,8.27
New York,2024,4,Reading,NAEP (State),NAEP,Percent Below Basic,40.69
New York,2024,4,Reading,NAEP (State),NAEP,Percent Below Proficient,69.15
New York,2024,4,Reading,NAEP (State),NAEP,Percent Basic,28.46
New York,2024,4,Reading,NAEP (State),NAEP,Percent Proficient,21.69
New York,2024,4,Reading,NAEP (State),NAEP,Percent Advanced,9.16
New York,2025,3,ELA,Grades 3-8 ELA,Grades 3-8 ELA,Percent in Below-Basic Analog Tier,20.0
New York,2025,3,ELA,Grades 3-8 ELA,Grades 3-8 ELA,Percent Level 1,20.0
New York,2025,3,ELA,Grades 3-8 ELA,Grades 3-8 ELA,Percent Level 2,26.0
New York,2025,3,ELA,Grades 3-8 ELA,Grades 3-8 ELA,Percent Level 3,33.0
New York,2025,3,ELA,Grades 3-8 ELA,Grades 3-8 ELA,Percent Level 4,22.0
North Carolina,2024,4,Reading,NAEP (National Public),NAEP,Percent Below Basic,40.67
North Carolina,2024,4,Reading,NAEP (National Public),NAEP,Percent Below Proficient,69.5
North Carolina,2024,4,Reading,NAEP (National Public),NAEP,Percent Basic,28.83
North Carolina,2024,4,Reading,NAEP (National Public),NAEP,Percent Proficient,22.23
North Carolina,2024,4,Reading,NAEP (National Public),NAEP,Percent Advanced,8.27
North Carolina,2024,4,Reading,NAEP (State),NAEP,Percent Below Basic,41.74
North Carolina,2024,4,Reading,NAEP (State),NAEP,Percent Below Proficient,69.92
North Carolina,2024,4,Reading,NAEP (State),NAEP,Percent Basic,28.18
North Carolina,2024,4,Reading,NAEP (State),NAEP,Percent Proficient,21.58
North Carolina,2024,4,Reading,NAEP (State),NAEP,Percent Advanced,8.51
North Carolina,2025,3,ELA,NC EOG,NC EOG,Percent in Below-Basic Analog Tier,53.4
North Carolina,2025,3,ELA,NC EOG,NC EOG,Percent Not Proficient (Levels 1 and 2 combined),53.4
North Carolina,2025,3,ELA,NC EOG,NC EOG,Percent Level 3,21.6
North Carolina,2025,3,ELA,NC EOG,NC EOG,Percent Level 4,14.8
North Carolina,2025,3,ELA,NC EOG,NC EOG,Percent Level 5,10.2
North Dakota,2022,3,ELA,Statewide RLA Assessment (Ed Data Express),Statewide RLA Assessment (Ed Data Express),Percent in Below-Basic Analog Tier,61.5
North Dakota,2022,3,ELA,Statewide RLA Assessment (Ed Data Express),Statewide RLA Assessment (Ed Data Express),Percent Proficient (Federal Proxy Source),38.5
North Dakota,2024,4,Reading,NAEP (National Public),NAEP,Percent Below Basic,40.67
North Dakota,2024,4,Reading,NAEP (National Public),NAEP,Percent Below Proficient,69.5
North Dakota,2024,4,Reading,NAEP (National Public),NAEP,Percent Basic,28.83
North Dakota,2024,4,Reading,NAEP (National Public),NAEP,Percent Proficient,22.23
North Dakota,2024,4,Reading,NAEP (National Public),NAEP,Percent Advanced,8.27
North Dakota,2024,4,Reading,NAEP (State),NAEP,Percent Below Basic,38.43
North Dakota,2024,4,Reading,NAEP (State),NAEP,Percent Below Proficient,71.34
North Dakota,2024,4,Reading,NAEP (State),NAEP,Percent Basic,32.91
North Dakota,2024,4,Reading,NAEP (State),NAEP,Percent Proficient,23.72
North Dakota,2024,4,Reading,NAEP (State),NAEP,Percent Advanced,4.94
Ohio,2024,4,Reading,NAEP (National Public),NAEP,Percent Below Basic,40.67
Ohio,2024,4,Reading,NAEP (National Public),NAEP,Percent Below Proficient,69.5
Ohio,2024,4,Reading,NAEP (National Public),NAEP,Percent Basic,28.83
Ohio,2024,4,Reading,NAEP (National Public),NAEP,Percent Proficient,22.23
Ohio,2024,4,Reading,NAEP (National Public),NAEP,Percent Advanced,8.27
Ohio,2024,4,Reading,NAEP (State),NAEP,Percent Below Basic,38.2
Ohio,2024,4,Reading,NAEP (State),NAEP,Percent Below Proficient,67.6
Ohio,2024,4,Reading,NAEP (State),NAEP,Percent Basic,29.4
Ohio,2024,4,Reading,NAEP (State),NAEP,Percent Proficient,24.17
Ohio,2024,4,Reading,NAEP (State),NAEP,Percent Advanced,8.22
Ohio,2025,3,ELA,Ohio State Tests,Ohio State Tests,Percent in Below-Basic Analog Tier,38.7
Ohio,2025,3,ELA,Ohio State Tests,Ohio State Tests,Percent Proficient or Above (Public Reference),61.3
Oklahoma,2024,4,Reading,NAEP (National Public),NAEP,Percent Below Basic,40.67
Oklahoma,2024,4,Reading,NAEP (National Public),NAEP,Percent Below Proficient,69.5
Oklahoma,2024,4,Reading,NAEP (National Public),NAEP,Percent Basic,28.83
Oklahoma,2024,4,Reading,NAEP (National Public),NAEP,Percent Proficient,22.23
Oklahoma,2024,4,Reading,NAEP (National Public),NAEP,Percent Advanced,8.27
Oklahoma,2024,4,Reading,NAEP (State),NAEP,Percent Below Basic,46.44
Oklahoma,2024,4,Reading,NAEP (State),NAEP,Percent Below Proficient,77.3
Oklahoma,2024,4,Reading,NAEP (State),NAEP,Percent Basic,30.87
Oklahoma,2024,4,Reading,NAEP (State),NAEP,Percent Proficient,18.93
Oklahoma,2024,4,Reading,NAEP (State),NAEP,Percent Advanced,3.77
Oklahoma,2025,3,ELA,OSTP,OSTP,Percent in Below-Basic Analog Tier,43.0
Oklahoma,2025,3,ELA,OSTP,OSTP,Percent Below Basic,43.0
Oklahoma,2025,3,ELA,OSTP,OSTP,Percent Basic,30.0
Oklahoma,2025,3,ELA,OSTP,OSTP,Percent Proficient,24.0
Oklahoma,2025,3,ELA,OSTP,OSTP,Percent Advanced,3.0
Oregon,2024,4,Reading,NAEP (National Public),NAEP,Percent Below Basic,40.67
Oregon,2024,4,Reading,NAEP (National Public),NAEP,Percent Below Proficient,69.5
Oregon,2024,4,Reading,NAEP (National Public),NAEP,Percent Basic,28.83
Oregon,2024,4,Reading,NAEP (National Public),NAEP,Percent Proficient,22.23
Oregon,2024,4,Reading,NAEP (National Public),NAEP,Percent Advanced,8.27
Oregon,2024,4,Reading,NAEP (State),NAEP,Percent Below Basic,48.26
Oregon,2024,4,Reading,NAEP (State),NAEP,Percent Below Proficient,73.39
Oregon,2024,4,Reading,NAEP (State),NAEP,Percent Basic,25.14
Oregon,2024,4,Reading,NAEP (State),NAEP,Percent Proficient,19.45
Oregon,2024,4,Reading,NAEP (State),NAEP,Percent Advanced,7.15
Oregon,2025,3,ELA,OSAS,OSAS,Percent in Below-Basic Analog Tier,35.9
Oregon,2025,3,ELA,OSAS,OSAS,Percent Level 1,35.9
Oregon,2025,3,ELA,OSAS,OSAS,Percent Level 2,23.9
Oregon,2025,3,ELA,OSAS,OSAS,Percent Level 3,19.6
Oregon,2025,3,ELA,OSAS,OSAS,Percent Level 4,20.7
Pennsylvania,2024,4,Reading,NAEP (National Public),NAEP,Percent Below Basic,40.67
Pennsylvania,2024,4,Reading,NAEP (National Public),NAEP,Percent Below Proficient,69.5
Pennsylvania,2024,4,Reading,NAEP (National Public),NAEP,Percent Basic,28.83
Pennsylvania,2024,4,Reading,NAEP (National Public),NAEP,Percent Proficient,22.23
Pennsylvania,2024,4,Reading,NAEP (National Public),NAEP,Percent Advanced,8.27
Pennsylvania,2024,4,Reading,NAEP (State),NAEP,Percent Below Basic,37.8
Pennsylvania,2024,4,Reading,NAEP (State),NAEP,Percent Below Proficient,67.05
Pennsylvania,2024,4,Reading,NAEP (State),NAEP,Percent Basic,29.26
Pennsylvania,2024,4,Reading,NAEP (State),NAEP,Percent Proficient,24.8
Pennsylvania,2024,4,Reading,NAEP (State),NAEP,Percent Advanced,8.14
Pennsylvania,2025,3,ELA,PSSA,PSSA,Percent in Below-Basic Analog Tier,20.3
Pennsylvania,2025,3,ELA,PSSA,PSSA,Percent Below Basic,20.3
Pennsylvania,2025,3,ELA,PSSA,PSSA,Percent Basic,31.1
Pennsylvania,2025,3,ELA,PSSA,PSSA,Percent Proficient,38.1
Pennsylvania,2025,3,ELA,PSSA,PSSA,Percent Advanced,10.5
Rhode Island,2024,4,Reading,NAEP (National Public),NAEP,Percent Below Basic,40.67
Rhode Island,2024,4,Reading,NAEP (National Public),NAEP,Percent Below Proficient,69.5
Rhode Island,2024,4,Reading,NAEP (National Public),NAEP,Percent Basic,28.83
Rhode Island,2024,4,Reading,NAEP (National Public),NAEP,Percent Proficient,22.23
Rhode Island,2024,4,Reading,NAEP (National Public),NAEP,Percent Advanced,8.27
Rhode Island,2024,4,Reading,NAEP (State),NAEP,Percent Below Basic,39.3
Rhode Island,2024,4,Reading,NAEP (State),NAEP,Percent Below Proficient,67.44
Rhode Island,2024,4,Reading,NAEP (State),NAEP,Percent Basic,28.14
Rhode Island,2024,4,Reading,NAEP (State),NAEP,Percent Proficient,22.74
Rhode Island,2024,4,Reading,NAEP (State),NAEP,Percent Advanced,9.82
Rhode Island,2025,3,ELA,RICAS,RICAS,Percent in Below-Basic Analog Tier,21.5
Rhode Island,2025,3,ELA,RICAS,RICAS,Percent Not Meeting Expectations,21.5
Rhode Island,2025,3,ELA,RICAS,RICAS,Percent Partially Meeting Expectations,41.8
Rhode Island,2025,3,ELA,RICAS,RICAS,Percent Meeting Expectations,31.8
Rhode Island,2025,3,ELA,RICAS,RICAS,Percent Exceeding Expectations,4.9
South Carolina,2024,4,Reading,NAEP (National Public),NAEP,Percent Below Basic,40.67
South Carolina,2024,4,Reading,NAEP (National Public),NAEP,Percent Below Proficient,69.5
South Carolina,2024,4,Reading,NAEP (National Public),NAEP,Percent Basic,28.83
South Carolina,2024,4,Reading,NAEP (National Public),NAEP,Percent Proficient,22.23
South Carolina,2024,4,Reading,NAEP (National Public),NAEP,Percent Advanced,8.27
South Carolina,2024,4,Reading,NAEP (State),NAEP,Percent Below Basic,40.33
South Carolina,2024,4,Reading,NAEP (State),NAEP,Percent Below Proficient,67.53
South Carolina,2024,4,Reading,NAEP (State),NAEP,Percent Basic,27.2
South Carolina,2024,4,Reading,NAEP (State),NAEP,Percent Proficient,23.28
South Carolina,2024,4,Reading,NAEP (State),NAEP,Percent Advanced,9.2
South Carolina,2025,3,ELA,SC READY,SC READY,Percent in Below-Basic Analog Tier,14.4
South Carolina,2025,3,ELA,SC READY,SC READY,Percent Does Not Meet Expectations,14.4
South Carolina,2025,3,ELA,SC READY,SC READY,Percent Approaches Expectations,23.8
South Carolina,2025,3,ELA,SC READY,SC READY,Percent Meets Expectations,30.8
South Carolina,2025,3,ELA,SC READY,SC READY,Percent Exceeds Expectations,31.0
South Dakota,2024,4,Reading,NAEP (National Public),NAEP,Percent Below Basic,40.67
South Dakota,2024,4,Reading,NAEP (National Public),NAEP,Percent Below Proficient,69.5
South Dakota,2024,4,Reading,NAEP (National Public),NAEP,Percent Basic,28.83
South Dakota,2024,4,Reading,NAEP (National Public),NAEP,Percent Proficient,22.23
South Dakota,2024,4,Reading,NAEP (National Public),NAEP,Percent Advanced,8.27
South Dakota,2024,4,Reading,NAEP (State),NAEP,Percent Below Basic,39.87
South Dakota,2024,4,Reading,NAEP (State),NAEP,Percent Below Proficient,72.02
South Dakota,2024,4,Reading,NAEP (State),NAEP,Percent Basic,32.15
South Dakota,2024,4,Reading,NAEP (State),NAEP,Percent Proficient,22.06
South Dakota,2024,4,Reading,NAEP (State),NAEP,Percent Advanced,5.92
South Dakota,2025,3,ELA,South Dakota Assessment,South Dakota Assessment,Percent in Below-Basic Analog Tier,30.0
South Dakota,2025,3,ELA,South Dakota Assessment,South Dakota Assessment,Percent Level 1,30.0
South Dakota,2025,3,ELA,South Dakota Assessment,South Dakota Assessment,Percent Level 2,26.0
South Dakota,2025,3,ELA,South Dakota Assessment,South Dakota Assessment,Percent Level 3,23.0
South Dakota,2025,3,ELA,South Dakota Assessment,South Dakota Assessment,Percent Level 4,22.0
Tennessee,2024,4,Reading,NAEP (National Public),NAEP,Percent Below Basic,40.67
Tennessee,2024,4,Reading,NAEP (National Public),NAEP,Percent Below Proficient,69.5
Tennessee,2024,4,Reading,NAEP (National Public),NAEP,Percent Basic,28.83
Tennessee,2024,4,Reading,NAEP (National Public),NAEP,Percent Proficient,22.23
Tennessee,2024,4,Reading,NAEP (National Public),NAEP,Percent Advanced,8.27
Tennessee,2024,4,Reading,NAEP (State),NAEP,Percent Below Basic,38.89
Tennessee,2024,4,Reading,NAEP (State),NAEP,Percent Below Proficient,68.22
Tennessee,2024,4,Reading,NAEP (State),NAEP,Percent Basic,29.32
Tennessee,2024,4,Reading,NAEP (State),NAEP,Percent Proficient,23.02
Tennessee,2024,4,Reading,NAEP (State),NAEP,Percent Advanced,8.77
Tennessee,2025,3,ELA,TCAP,TCAP,Percent in Below-Basic Analog Tier,22.9
Tennessee,2025,3,ELA,TCAP,TCAP,Percent Below,22.9
Tennessee,2025,3,ELA,TCAP,TCAP,Percent Approaching,35.5
Tennessee,2025,3,ELA,TCAP,TCAP,Percent Met Expectations,27.4
Tennessee,2025,3,ELA,TCAP,TCAP,Percent Exceeded Expectations,14.2
Texas,2024,4,Reading,NAEP (National Public),NAEP,Percent Below Basic,40.67
Texas,2024,4,Reading,NAEP (National Public),NAEP,Percent Below Proficient,69.5
Texas,2024,4,Reading,NAEP (National Public),NAEP,Percent Basic,28.83
Texas,2024,4,Reading,NAEP (National Public),NAEP,Percent Proficient,22.23
Texas,2024,4,Reading,NAEP (National Public),NAEP,Percent Advanced,8.27
Texas,2024,4,Reading,NAEP (State),NAEP,Percent Below Basic,42.89
Texas,2024,4,Reading,NAEP (State),NAEP,Percent Below Proficient,72.46
Texas,2024,4,Reading,NAEP (State),NAEP,Percent Basic,29.57
Texas,2024,4,Reading,NAEP (State),NAEP,Percent Proficient,20.97
Texas,2024,4,Reading,NAEP (State),NAEP,Percent Advanced,6.57
Texas,2024,3,ELA,STAAR,STAAR,Percent in Below-Basic Analog Tier,26.0
Texas,2024,3,ELA,STAAR,STAAR,Percent Did Not Meet Grade Level,26.0
Texas,2024,3,ELA,STAAR,STAAR,Percent Approaches Grade Level Only,26.0
Texas,2024,3,ELA,STAAR,STAAR,Percent Meets Grade Level Only,27.0
Texas,2024,3,ELA,STAAR,STAAR,Percent Masters Grade Level,21.0
Texas,2024,3,ELA,STAAR,STAAR,Percent Approaches Grade Level or above (Published Source Bin),74.0
Texas,2024,3,ELA,STAAR,STAAR,Percent Meets Grade Level or above (Published Source Bin),48.0
Texas,2024,3,ELA,STAAR,STAAR,Percent Masters Grade Level (Published Source Bin),21.0
Utah,2021,3,ELA,Statewide RLA Assessment (Ed Data Express),Statewide RLA Assessment (Ed Data Express),Percent in Below-Basic Analog Tier,57.7
Utah,2021,3,ELA,Statewide RLA Assessment (Ed Data Express),Statewide RLA Assessment (Ed Data Express),Percent Proficient (Federal Proxy Source),42.3
Utah,2024,4,Reading,NAEP (National Public),NAEP,Percent Below Basic,40.67
Utah,2024,4,Reading,NAEP (National Public),NAEP,Percent Below Proficient,69.5
Utah,2024,4,Reading,NAEP (National Public),NAEP,Percent Basic,28.83
Utah,2024,4,Reading,NAEP (National Public),NAEP,Percent Proficient,22.23
Utah,2024,4,Reading,NAEP (National Public),NAEP,Percent Advanced,8.27
Utah,2024,4,Reading,NAEP (State),NAEP,Percent Below Basic,35.55
Utah,2024,4,Reading,NAEP (State),NAEP,Percent Below Proficient,63.68
Utah,2024,4,Reading,NAEP (State),NAEP,Percent Basic,28.13
Utah,2024,4,Reading,NAEP (State),NAEP,Percent Proficient,26.33
Utah,2024,4,Reading,NAEP (State),NAEP,Percent Advanced,9.99
Vermont,2022,3,ELA,Statewide RLA Assessment (Ed Data Express),Statewide RLA Assessment (Ed Data Express),Percent in Below-Basic Analog Tier,58.7
Vermont,2022,3,ELA,Statewide RLA Assessment (Ed Data Express),Statewide RLA Assessment (Ed Data Express),Percent Proficient (Federal Proxy Source),41.3
Vermont,2024,4,Reading,NAEP (National Public),NAEP,Percent Below Basic,40.67
Vermont,2024,4,Reading,NAEP (National Public),NAEP,Percent Below Proficient,69.5
Vermont,2024,4,Reading,NAEP (National Public),NAEP,Percent Basic,28.83
Vermont,2024,4,Reading,NAEP (National Public),NAEP,Percent Proficient,22.23
Vermont,2024,4,Reading,NAEP (National Public),NAEP,Percent Advanced,8.27
Vermont,2024,4,Reading,NAEP (State),NAEP,Percent Below Basic,41.84
Vermont,2024,4,Reading,NAEP (State),NAEP,Percent Below Proficient,69.5
Vermont,2024,4,Reading,NAEP (State),NAEP,Percent Basic,27.65
Vermont,2024,4,Reading,NAEP (State),NAEP,Percent Proficient,22.71
Vermont,2024,4,Reading,NAEP (State),NAEP,Percent Advanced,7.8
Virginia,2024,4,Reading,NAEP (National Public),NAEP,Percent Below Basic,40.67
Virginia,2024,4,Reading,NAEP (National Public),NAEP,Percent Below Proficient,69.5
Virginia,2024,4,Reading,NAEP (National Public),NAEP,Percent Basic,28.83
Virginia,2024,4,Reading,NAEP (National Public),NAEP,Percent Proficient,22.23
Virginia,2024,4,Reading,NAEP (National Public),NAEP,Percent Advanced,8.27
Virginia,2024,4,Reading,NAEP (State),NAEP,Percent Below Basic,41.53
Virginia,2024,4,Reading,NAEP (State),NAEP,Percent Below Proficient,69.28
Virginia,2024,4,Reading,NAEP (State),NAEP,Percent Basic,27.75
Virginia,2024,4,Reading,NAEP (State),NAEP,Percent Proficient,21.96
Virginia,2024,4,Reading,NAEP (State),NAEP,Percent Advanced,8.77
Virginia,2025,3,ELA,SOL,SOL,Percent in Below-Basic Analog Tier,33.0
Virginia,2025,3,ELA,SOL,SOL,Percent Advanced (Published Source Bin),10.0
Virginia,2025,3,ELA,SOL,SOL,Percent Proficient (Published Source Bin),57.0
Virginia,2025,3,ELA,SOL,SOL,Percent Passed (Published Source Bin),67.0
Virginia,2025,3,ELA,SOL,SOL,Percent Failed (Published Source Bin),33.0
Washington,2024,4,Reading,NAEP (National Public),NAEP,Percent Below Basic,40.67
Washington,2024,4,Reading,NAEP (National Public),NAEP,Percent Below Proficient,69.5
Washington,2024,4,Reading,NAEP (National Public),NAEP,Percent Basic,28.83
Washington,2024,4,Reading,NAEP (National Public),NAEP,Percent Proficient,22.23
Washington,2024,4,Reading,NAEP (National Public),NAEP,Percent Advanced,8.27
Washington,2024,4,Reading,NAEP (State),NAEP,Percent Below Basic,39.5
Washington,2024,4,Reading,NAEP (State),NAEP,Percent Below Proficient,67.99
Washington,2024,4,Reading,NAEP (State),NAEP,Percent Basic,28.49
Washington,2024,4,Reading,NAEP (State),NAEP,Percent Proficient,22.81
Washington,2024,4,Reading,NAEP (State),NAEP,Percent Advanced,9.21
Washington,2025,3,ELA,SBAC,SBAC,Percent in Below-Basic Analog Tier,28.32
Washington,2025,3,ELA,SBAC,SBAC,Percent Level 1,28.32
Washington,2025,3,ELA,SBAC,SBAC,Percent Level 2,22.73
Washington,2025,3,ELA,SBAC,SBAC,Percent Level 3,21.15
Washington,2025,3,ELA,SBAC,SBAC,Percent Level 4,27.8
Washington,2025,3,ELA,SBAC,SBAC,Percent Level 1,27.64
Washington,2025,3,ELA,SBAC,SBAC,Percent Level 2,22.18
Washington,2025,3,ELA,SBAC,SBAC,Percent Level 3,20.64
Washington,2025,3,ELA,SBAC,SBAC,Percent Level 4,27.12
Washington,2025,3,ELA,SBAC,SBAC,Percent No Score,2.42
West Virginia,2024,4,Reading,NAEP (National Public),NAEP,Percent Below Basic,40.67
West Virginia,2024,4,Reading,NAEP (National Public),NAEP,Percent Below Proficient,69.5
West Virginia,2024,4,Reading,NAEP (National Public),NAEP,Percent Basic,28.83
West Virginia,2024,4,Reading,NAEP (National Public),NAEP,Percent Proficient,22.23
West Virginia,2024,4,Reading,NAEP (National Public),NAEP,Percent Advanced,8.27
West Virginia,2024,4,Reading,NAEP (State),NAEP,Percent Below Basic,47.36
West Virginia,2024,4,Reading,NAEP (State),NAEP,Percent Below Proficient,75.37
West Virginia,2024,4,Reading,NAEP (State),NAEP,Percent Basic,28.02
West Virginia,2024,4,Reading,NAEP (State),NAEP,Percent Proficient,19.72
West Virginia,2024,4,Reading,NAEP (State),NAEP,Percent Advanced,4.91
West Virginia,2024,3,ELA,WVGSA,WVGSA,Percent in Below-Basic Analog Tier,49.0
West Virginia,2024,3,ELA,WVGSA,WVGSA,Percent Meets Standard or above (proficient) (Public Reference),51.0
Wisconsin,2024,4,Reading,NAEP (National Public),NAEP,Percent Below Basic,40.67
Wisconsin,2024,4,Reading,NAEP (National Public),NAEP,Percent Below Proficient,69.5
Wisconsin,2024,4,Reading,NAEP (National Public),NAEP,Percent Basic,28.83
Wisconsin,2024,4,Reading,NAEP (National Public),NAEP,Percent Proficient,22.23
Wisconsin,2024,4,Reading,NAEP (National Public),NAEP,Percent Advanced,8.27
Wisconsin,2024,4,Reading,NAEP (State),NAEP,Percent Below Basic,38.84
Wisconsin,2024,4,Reading,NAEP (State),NAEP,Percent Below Proficient,68.69
Wisconsin,2024,4,Reading,NAEP (State),NAEP,Percent Basic,29.84
Wisconsin,2024,4,Reading,NAEP (State),NAEP,Percent Proficient,23.38
Wisconsin,2024,4,Reading,NAEP (State),NAEP,Percent Advanced,7.93
Wisconsin,2025,3,ELA,Forward Exam,Forward Exam,Percent in Below-Basic Analog Tier,17.81
Wisconsin,2025,3,ELA,Forward Exam,Forward Exam,Percent Developing,17.81
Wisconsin,2025,3,ELA,Forward Exam,Forward Exam,Percent Approaching,30.05
Wisconsin,2025,3,ELA,Forward Exam,Forward Exam,Percent Meeting,38.88
Wisconsin,2025,3,ELA,Forward Exam,Forward Exam,Percent Advanced,13.26
Wisconsin,2025,3,ELA,Forward Exam,Forward Exam,Percent Developing,17.47
Wisconsin,2025,3,ELA,Forward Exam,Forward Exam,Percent Approaching,29.49
Wisconsin,2025,3,ELA,Forward Exam,Forward Exam,Percent Meeting,38.15
Wisconsin,2025,3,ELA,Forward Exam,Forward Exam,Percent Advanced,13.01
Wisconsin,2025,3,ELA,Forward Exam,Forward Exam,Percent No Test,1.89
Wyoming,2024,4,Reading,NAEP (National Public),NAEP,Percent Below Basic,40.67
Wyoming,2024,4,Reading,NAEP (National Public),NAEP,Percent Below Proficient,69.5
Wyoming,2024,4,Reading,NAEP (National Public),NAEP,Percent Basic,28.83
Wyoming,2024,4,Reading,NAEP (National Public),NAEP,Percent Proficient,22.23
Wyoming,2024,4,Reading,NAEP (National Public),NAEP,Percent Advanced,8.27
Wyoming,2024,4,Reading,NAEP (State),NAEP,Percent Below Basic,32.23
Wyoming,2024,4,Reading,NAEP (State),NAEP,Percent Below Proficient,64.15
Wyoming,2024,4,Reading,NAEP (State),NAEP,Percent Basic,31.92
Wyoming,2024,4,Reading,NAEP (State),NAEP,Percent Proficient,27.01
Wyoming,2024,4,Reading,NAEP (State),NAEP,Percent Advanced,8.84
Wyoming,2024,3,ELA,WY-TOPP,WY-TOPP,Percent in Below-Basic Analog Tier,52.0
Wyoming,2024,3,ELA,WY-TOPP,WY-TOPP,Percent Proficient (Public Reference),48.0
