state,state_name,assessment,subject,subject_label,grade,school_year,administration_year,tier_rank,tier_id,tier_label,pct_students,is_below_basic_analog,below_basic_analog_label,source_value_kind,notes,source_url,source_page_url
AK,Alaska,AK STAR,ELA,English Language Arts,03,2024-2025,2025,1,needs_support,Needs Support,36.3,True,Needs Support,reported_exact_tier,"Alaska publishes exact statewide Grade 3 AK STAR ELA performance-level percentages in the 2025 assessment brief. The companion statewide results page reports the Grade 3 Advanced/Proficient share, enrollment, and participation rate.",https://education.alaska.gov/akassessments/AKAssessment_Brief_2025.pdf,https://education.alaska.gov/assessment-results/Statewide/StatewideResults?isScience=False&schoolYear=2024-2025
AK,Alaska,AK STAR,ELA,English Language Arts,03,2024-2025,2025,2,approaching_proficient,Approaching Proficient,35.0,False,Needs Support,reported_exact_tier,"Alaska publishes exact statewide Grade 3 AK STAR ELA performance-level percentages in the 2025 assessment brief. The companion statewide results page reports the Grade 3 Advanced/Proficient share, enrollment, and participation rate.",https://education.alaska.gov/akassessments/AKAssessment_Brief_2025.pdf,https://education.alaska.gov/assessment-results/Statewide/StatewideResults?isScience=False&schoolYear=2024-2025
AK,Alaska,AK STAR,ELA,English Language Arts,03,2024-2025,2025,3,proficient,Proficient,18.8,False,Needs Support,reported_exact_tier,"Alaska publishes exact statewide Grade 3 AK STAR ELA performance-level percentages in the 2025 assessment brief. The companion statewide results page reports the Grade 3 Advanced/Proficient share, enrollment, and participation rate.",https://education.alaska.gov/akassessments/AKAssessment_Brief_2025.pdf,https://education.alaska.gov/assessment-results/Statewide/StatewideResults?isScience=False&schoolYear=2024-2025
AK,Alaska,AK STAR,ELA,English Language Arts,03,2024-2025,2025,4,advanced,Advanced,9.9,False,Needs Support,reported_exact_tier,"Alaska publishes exact statewide Grade 3 AK STAR ELA performance-level percentages in the 2025 assessment brief. The companion statewide results page reports the Grade 3 Advanced/Proficient share, enrollment, and participation rate.",https://education.alaska.gov/akassessments/AKAssessment_Brief_2025.pdf,https://education.alaska.gov/assessment-results/Statewide/StatewideResults?isScience=False&schoolYear=2024-2025
AR,Arkansas,ATLAS,ELA,English Language Arts,03,2024-2025,2025,1,level_1,Level 1,29.3,True,Level 1,reported_exact_tier,Arkansas publishes exact statewide Grade 3 ATLAS ELA performance-level percentages in the annual summary workbook.,https://dese.ade.arkansas.gov/Files/Atlas_Summary_Post-Corrections_Scores_Spring_2025_PSA.xlsx,https://dese.ade.arkansas.gov/Offices/public-school-accountability/assessment-test-scores/2025
AR,Arkansas,ATLAS,ELA,English Language Arts,03,2024-2025,2025,2,level_2,Level 2,34.8,False,Level 1,reported_exact_tier,Arkansas publishes exact statewide Grade 3 ATLAS ELA performance-level percentages in the annual summary workbook.,https://dese.ade.arkansas.gov/Files/Atlas_Summary_Post-Corrections_Scores_Spring_2025_PSA.xlsx,https://dese.ade.arkansas.gov/Offices/public-school-accountability/assessment-test-scores/2025
AR,Arkansas,ATLAS,ELA,English Language Arts,03,2024-2025,2025,3,level_3,Level 3,21.1,False,Level 1,reported_exact_tier,Arkansas publishes exact statewide Grade 3 ATLAS ELA performance-level percentages in the annual summary workbook.,https://dese.ade.arkansas.gov/Files/Atlas_Summary_Post-Corrections_Scores_Spring_2025_PSA.xlsx,https://dese.ade.arkansas.gov/Offices/public-school-accountability/assessment-test-scores/2025
AR,Arkansas,ATLAS,ELA,English Language Arts,03,2024-2025,2025,4,level_4,Level 4,14.8,False,Level 1,reported_exact_tier,Arkansas publishes exact statewide Grade 3 ATLAS ELA performance-level percentages in the annual summary workbook.,https://dese.ade.arkansas.gov/Files/Atlas_Summary_Post-Corrections_Scores_Spring_2025_PSA.xlsx,https://dese.ade.arkansas.gov/Offices/public-school-accountability/assessment-test-scores/2025
CO,Colorado,CMAS,ELA,English Language Arts,03,2024-2025,2025,1,did_not_yet_meet_expectations,Did Not Yet Meet Expectations,22.4,True,Did Not Yet Meet Expectations,reported_exact_tier,Colorado publishes exact CMAS performance-level percentages for statewide Grade 3 ELA.,https://resources.finalsite.net/files/t_file_download/v1776115348/cdestatecous/rrkmbmijrknlrhuvzk4e/2025CMASMathELACSLADistrictandSchoolSummaryAchievementResults.xlsx,https://ed.cde.state.co.us/assessment/cmas-dataandresults-2025
CO,Colorado,CMAS,ELA,English Language Arts,03,2024-2025,2025,2,partially_met_expectations,Partially Met Expectations,15.7,False,Did Not Yet Meet Expectations,reported_exact_tier,Colorado publishes exact CMAS performance-level percentages for statewide Grade 3 ELA.,https://resources.finalsite.net/files/t_file_download/v1776115348/cdestatecous/rrkmbmijrknlrhuvzk4e/2025CMASMathELACSLADistrictandSchoolSummaryAchievementResults.xlsx,https://ed.cde.state.co.us/assessment/cmas-dataandresults-2025
CO,Colorado,CMAS,ELA,English Language Arts,03,2024-2025,2025,3,approached_expectations,Approached Expectations,19.9,False,Did Not Yet Meet Expectations,reported_exact_tier,Colorado publishes exact CMAS performance-level percentages for statewide Grade 3 ELA.,https://resources.finalsite.net/files/t_file_download/v1776115348/cdestatecous/rrkmbmijrknlrhuvzk4e/2025CMASMathELACSLADistrictandSchoolSummaryAchievementResults.xlsx,https://ed.cde.state.co.us/assessment/cmas-dataandresults-2025
CO,Colorado,CMAS,ELA,English Language Arts,03,2024-2025,2025,4,met_expectations,Met Expectations,37.7,False,Did Not Yet Meet Expectations,reported_exact_tier,Colorado publishes exact CMAS performance-level percentages for statewide Grade 3 ELA.,https://resources.finalsite.net/files/t_file_download/v1776115348/cdestatecous/rrkmbmijrknlrhuvzk4e/2025CMASMathELACSLADistrictandSchoolSummaryAchievementResults.xlsx,https://ed.cde.state.co.us/assessment/cmas-dataandresults-2025
CO,Colorado,CMAS,ELA,English Language Arts,03,2024-2025,2025,5,exceeded_expectations,Exceeded Expectations,4.3,False,Did Not Yet Meet Expectations,reported_exact_tier,Colorado publishes exact CMAS performance-level percentages for statewide Grade 3 ELA.,https://resources.finalsite.net/files/t_file_download/v1776115348/cdestatecous/rrkmbmijrknlrhuvzk4e/2025CMASMathELACSLADistrictandSchoolSummaryAchievementResults.xlsx,https://ed.cde.state.co.us/assessment/cmas-dataandresults-2025
CT,Connecticut,Smarter Balanced,ELA,English Language Arts,03,2024-2025,2025,1,level_1_not_met,Level 1 Not Met,30.7,True,Level 1 Not Met,reported_exact_tier,Connecticut EdSight's public Smarter Balanced report publishes the statewide Grade 3 ELA performance-level percentages directly for All Students.,https://edsight.ct.gov/SASStoredProcess/guest?_grade=3&_year=2024-25&_district=State+of+Connecticut&_school=&_subject=ELA&_subgroup=All+Students&_program=%2FCTDOE%2FEdSight%2FRelease%2FReporting%2FPublic%2FReports%2FStoredProcesses%2FSmarterBalancedAssessmentReport_SiteCore&_select=Submit,https://public-edsight.ct.gov/performance/smarter-balanced-achievement-participation
CT,Connecticut,Smarter Balanced,ELA,English Language Arts,03,2024-2025,2025,2,level_2_approaching,Level 2 Approaching,22.4,False,Level 1 Not Met,reported_exact_tier,Connecticut EdSight's public Smarter Balanced report publishes the statewide Grade 3 ELA performance-level percentages directly for All Students.,https://edsight.ct.gov/SASStoredProcess/guest?_grade=3&_year=2024-25&_district=State+of+Connecticut&_school=&_subject=ELA&_subgroup=All+Students&_program=%2FCTDOE%2FEdSight%2FRelease%2FReporting%2FPublic%2FReports%2FStoredProcesses%2FSmarterBalancedAssessmentReport_SiteCore&_select=Submit,https://public-edsight.ct.gov/performance/smarter-balanced-achievement-participation
CT,Connecticut,Smarter Balanced,ELA,English Language Arts,03,2024-2025,2025,3,level_3_met,Level 3 Met,20.8,False,Level 1 Not Met,reported_exact_tier,Connecticut EdSight's public Smarter Balanced report publishes the statewide Grade 3 ELA performance-level percentages directly for All Students.,https://edsight.ct.gov/SASStoredProcess/guest?_grade=3&_year=2024-25&_district=State+of+Connecticut&_school=&_subject=ELA&_subgroup=All+Students&_program=%2FCTDOE%2FEdSight%2FRelease%2FReporting%2FPublic%2FReports%2FStoredProcesses%2FSmarterBalancedAssessmentReport_SiteCore&_select=Submit,https://public-edsight.ct.gov/performance/smarter-balanced-achievement-participation
CT,Connecticut,Smarter Balanced,ELA,English Language Arts,03,2024-2025,2025,4,level_4_exceeded,Level 4 Exceeded,26.0,False,Level 1 Not Met,reported_exact_tier,Connecticut EdSight's public Smarter Balanced report publishes the statewide Grade 3 ELA performance-level percentages directly for All Students.,https://edsight.ct.gov/SASStoredProcess/guest?_grade=3&_year=2024-25&_district=State+of+Connecticut&_school=&_subject=ELA&_subgroup=All+Students&_program=%2FCTDOE%2FEdSight%2FRelease%2FReporting%2FPublic%2FReports%2FStoredProcesses%2FSmarterBalancedAssessmentReport_SiteCore&_select=Submit,https://public-edsight.ct.gov/performance/smarter-balanced-achievement-participation
DC,District of Columbia,DC CAPE,ELA,English Language Arts,03,2024-2025,2025,1,level_1,Did Not Yet Meet Expectations,34.4,True,Did Not Yet Meet Expectations,reported_exact_tier,"OSSE publishes exact statewide Grade 3 DC CAPE ELA performance levels on the Performance Level sheet. Those exact tiers are DC CAPE-only; OSSE's separate Meeting/Exceeding tab combines DC CAPE and MSAA, so its 30.4 percent proficiency figure is slightly above the DC CAPE-only Level 4+5 total.",https://app.box.com/index.php?rm=box_download_shared_file&shared_name=l1fz6ucfcut7q7pg8qzbo3l9ffb19pmm&file_id=f_1962534999838,https://osse.dc.gov/node/1794106
DC,District of Columbia,DC CAPE,ELA,English Language Arts,03,2024-2025,2025,2,level_2,Partially Met Expectations,17.1,False,Did Not Yet Meet Expectations,reported_exact_tier,"OSSE publishes exact statewide Grade 3 DC CAPE ELA performance levels on the Performance Level sheet. Those exact tiers are DC CAPE-only; OSSE's separate Meeting/Exceeding tab combines DC CAPE and MSAA, so its 30.4 percent proficiency figure is slightly above the DC CAPE-only Level 4+5 total.",https://app.box.com/index.php?rm=box_download_shared_file&shared_name=l1fz6ucfcut7q7pg8qzbo3l9ffb19pmm&file_id=f_1962534999838,https://osse.dc.gov/node/1794106
DC,District of Columbia,DC CAPE,ELA,English Language Arts,03,2024-2025,2025,3,level_3,Approached Expectations,18.3,False,Did Not Yet Meet Expectations,reported_exact_tier,"OSSE publishes exact statewide Grade 3 DC CAPE ELA performance levels on the Performance Level sheet. Those exact tiers are DC CAPE-only; OSSE's separate Meeting/Exceeding tab combines DC CAPE and MSAA, so its 30.4 percent proficiency figure is slightly above the DC CAPE-only Level 4+5 total.",https://app.box.com/index.php?rm=box_download_shared_file&shared_name=l1fz6ucfcut7q7pg8qzbo3l9ffb19pmm&file_id=f_1962534999838,https://osse.dc.gov/node/1794106
DC,District of Columbia,DC CAPE,ELA,English Language Arts,03,2024-2025,2025,4,level_4,Met Expectations,26.2,False,Did Not Yet Meet Expectations,reported_exact_tier,"OSSE publishes exact statewide Grade 3 DC CAPE ELA performance levels on the Performance Level sheet. Those exact tiers are DC CAPE-only; OSSE's separate Meeting/Exceeding tab combines DC CAPE and MSAA, so its 30.4 percent proficiency figure is slightly above the DC CAPE-only Level 4+5 total.",https://app.box.com/index.php?rm=box_download_shared_file&shared_name=l1fz6ucfcut7q7pg8qzbo3l9ffb19pmm&file_id=f_1962534999838,https://osse.dc.gov/node/1794106
DC,District of Columbia,DC CAPE,ELA,English Language Arts,03,2024-2025,2025,5,level_5,Exceeded Expectations,4.0,False,Did Not Yet Meet Expectations,reported_exact_tier,"OSSE publishes exact statewide Grade 3 DC CAPE ELA performance levels on the Performance Level sheet. Those exact tiers are DC CAPE-only; OSSE's separate Meeting/Exceeding tab combines DC CAPE and MSAA, so its 30.4 percent proficiency figure is slightly above the DC CAPE-only Level 4+5 total.",https://app.box.com/index.php?rm=box_download_shared_file&shared_name=l1fz6ucfcut7q7pg8qzbo3l9ffb19pmm&file_id=f_1962534999838,https://osse.dc.gov/node/1794106
FL,Florida,FAST,ELA,English Language Arts,03,2024-2025,2025,1,level_1,Level 1,22.0,True,Level 1,reported_exact_tier,Florida publishes exact statewide Grade 3 FAST ELA PM3 percentages for Levels 1 through 5 in the district report workbook.,https://origin.fldoe.org/core/fileparse.php/5668/urlt/3ELA03SRDSpring25.xls,https://www.fldoe.org/accountability/assessments/k-12-student-assessment/results/2025.stml
FL,Florida,FAST,ELA,English Language Arts,03,2024-2025,2025,2,level_2,Level 2,21.0,False,Level 1,reported_exact_tier,Florida publishes exact statewide Grade 3 FAST ELA PM3 percentages for Levels 1 through 5 in the district report workbook.,https://origin.fldoe.org/core/fileparse.php/5668/urlt/3ELA03SRDSpring25.xls,https://www.fldoe.org/accountability/assessments/k-12-student-assessment/results/2025.stml
FL,Florida,FAST,ELA,English Language Arts,03,2024-2025,2025,3,level_3,Level 3,23.0,False,Level 1,reported_exact_tier,Florida publishes exact statewide Grade 3 FAST ELA PM3 percentages for Levels 1 through 5 in the district report workbook.,https://origin.fldoe.org/core/fileparse.php/5668/urlt/3ELA03SRDSpring25.xls,https://www.fldoe.org/accountability/assessments/k-12-student-assessment/results/2025.stml
FL,Florida,FAST,ELA,English Language Arts,03,2024-2025,2025,4,level_4,Level 4,21.0,False,Level 1,reported_exact_tier,Florida publishes exact statewide Grade 3 FAST ELA PM3 percentages for Levels 1 through 5 in the district report workbook.,https://origin.fldoe.org/core/fileparse.php/5668/urlt/3ELA03SRDSpring25.xls,https://www.fldoe.org/accountability/assessments/k-12-student-assessment/results/2025.stml
FL,Florida,FAST,ELA,English Language Arts,03,2024-2025,2025,5,level_5,Level 5,14.0,False,Level 1,reported_exact_tier,Florida publishes exact statewide Grade 3 FAST ELA PM3 percentages for Levels 1 through 5 in the district report workbook.,https://origin.fldoe.org/core/fileparse.php/5668/urlt/3ELA03SRDSpring25.xls,https://www.fldoe.org/accountability/assessments/k-12-student-assessment/results/2025.stml
GA,Georgia,Georgia Milestones,ELA,English Language Arts,03,2024-2025,2025,1,beginning_learner,Beginning Learner,36.902085920430075,True,Beginning Learner,reported_exact_tier,Georgia publishes exact statewide Grade 3 Georgia Milestones ELA performance-level percentages in the state summary workbook.,https://url.gadoe.org/r9zz0,https://gadoe.org/assessment-accountability/georgia-milestones/
GA,Georgia,Georgia Milestones,ELA,English Language Arts,03,2024-2025,2025,2,developing_learner,Developing Learner,28.17800273511797,False,Beginning Learner,reported_exact_tier,Georgia publishes exact statewide Grade 3 Georgia Milestones ELA performance-level percentages in the state summary workbook.,https://url.gadoe.org/r9zz0,https://gadoe.org/assessment-accountability/georgia-milestones/
GA,Georgia,Georgia Milestones,ELA,English Language Arts,03,2024-2025,2025,3,proficient_learner,Proficient Learner,23.626546363393434,False,Beginning Learner,reported_exact_tier,Georgia publishes exact statewide Grade 3 Georgia Milestones ELA performance-level percentages in the state summary workbook.,https://url.gadoe.org/r9zz0,https://gadoe.org/assessment-accountability/georgia-milestones/
GA,Georgia,Georgia Milestones,ELA,English Language Arts,03,2024-2025,2025,4,distinguished_learner,Distinguished Learner,11.293364981058522,False,Beginning Learner,reported_exact_tier,Georgia publishes exact statewide Grade 3 Georgia Milestones ELA performance-level percentages in the state summary workbook.,https://url.gadoe.org/r9zz0,https://gadoe.org/assessment-accountability/georgia-milestones/
IN,Indiana,ILEARN,ELA,English Language Arts,03,2024-2025,2025,1,below_proficiency,Below Proficiency,39.18,True,Below Proficiency,derived_exact_tier_from_published_counts,Indiana publishes statewide Grade 3 ILEARN counts by performance level. Percentages here are derived from those published counts and total tested.,https://secure.in.gov/doe/files/ILEARN-2025-Grade3-8-Final-Statewide-Summary_20250714.xlsx,https://secure.in.gov/doe/it/data-center-and-reports/
IN,Indiana,ILEARN,ELA,English Language Arts,03,2024-2025,2025,2,approaching_proficiency,Approaching Proficiency,20.56,False,Below Proficiency,derived_exact_tier_from_published_counts,Indiana publishes statewide Grade 3 ILEARN counts by performance level. Percentages here are derived from those published counts and total tested.,https://secure.in.gov/doe/files/ILEARN-2025-Grade3-8-Final-Statewide-Summary_20250714.xlsx,https://secure.in.gov/doe/it/data-center-and-reports/
IN,Indiana,ILEARN,ELA,English Language Arts,03,2024-2025,2025,3,at_proficiency,At Proficiency,23.26,False,Below Proficiency,derived_exact_tier_from_published_counts,Indiana publishes statewide Grade 3 ILEARN counts by performance level. Percentages here are derived from those published counts and total tested.,https://secure.in.gov/doe/files/ILEARN-2025-Grade3-8-Final-Statewide-Summary_20250714.xlsx,https://secure.in.gov/doe/it/data-center-and-reports/
IN,Indiana,ILEARN,ELA,English Language Arts,03,2024-2025,2025,4,above_proficiency,Above Proficiency,17.0,False,Below Proficiency,derived_exact_tier_from_published_counts,Indiana publishes statewide Grade 3 ILEARN counts by performance level. Percentages here are derived from those published counts and total tested.,https://secure.in.gov/doe/files/ILEARN-2025-Grade3-8-Final-Statewide-Summary_20250714.xlsx,https://secure.in.gov/doe/it/data-center-and-reports/
KY,Kentucky,KSA,ELA,Reading,03,2023-2024,2024,1,novice,Novice,24.8,True,Novice,reported_exact_tier,Kentucky publishes exact statewide Grade 3 Reading performance-level percentages in the KSA yearbook.,https://www.education.ky.gov/AA/Reports/Documents/KY1161534_KY_SP25_Yearbook.pdf,https://www.education.ky.gov/AA/Assessments/Pages/KentuckySummativeAssessment-.aspx
KY,Kentucky,KSA,ELA,Reading,03,2023-2024,2024,2,apprentice,Apprentice,28.3,False,Novice,reported_exact_tier,Kentucky publishes exact statewide Grade 3 Reading performance-level percentages in the KSA yearbook.,https://www.education.ky.gov/AA/Reports/Documents/KY1161534_KY_SP25_Yearbook.pdf,https://www.education.ky.gov/AA/Assessments/Pages/KentuckySummativeAssessment-.aspx
KY,Kentucky,KSA,ELA,Reading,03,2023-2024,2024,3,proficient,Proficient,28.8,False,Novice,reported_exact_tier,Kentucky publishes exact statewide Grade 3 Reading performance-level percentages in the KSA yearbook.,https://www.education.ky.gov/AA/Reports/Documents/KY1161534_KY_SP25_Yearbook.pdf,https://www.education.ky.gov/AA/Assessments/Pages/KentuckySummativeAssessment-.aspx
KY,Kentucky,KSA,ELA,Reading,03,2023-2024,2024,4,distinguished,Distinguished,18.1,False,Novice,reported_exact_tier,Kentucky publishes exact statewide Grade 3 Reading performance-level percentages in the KSA yearbook.,https://www.education.ky.gov/AA/Reports/Documents/KY1161534_KY_SP25_Yearbook.pdf,https://www.education.ky.gov/AA/Assessments/Pages/KentuckySummativeAssessment-.aspx
LA,Louisiana,LEAP,ELA,English Language Arts,03,2024-2025,2025,1,unsatisfactory,Unsatisfactory,17.0,True,Unsatisfactory,reported_exact_tier,Louisiana publishes exact statewide Grade 3 LEAP ELA achievement-level percentages in the State LEA achievement summary workbook.,https://doe.louisiana.gov/docs/default-source/data-management/spring-2025-leap-2025-state-lea-achievement-level-summary.xlsx?sfvrsn=bdc2fd31_7,https://doe.louisiana.gov/resources/library/test-results
LA,Louisiana,LEAP,ELA,English Language Arts,03,2024-2025,2025,2,approaching_basic,Approaching Basic,18.0,False,Unsatisfactory,reported_exact_tier,Louisiana publishes exact statewide Grade 3 LEAP ELA achievement-level percentages in the State LEA achievement summary workbook.,https://doe.louisiana.gov/docs/default-source/data-management/spring-2025-leap-2025-state-lea-achievement-level-summary.xlsx?sfvrsn=bdc2fd31_7,https://doe.louisiana.gov/resources/library/test-results
LA,Louisiana,LEAP,ELA,English Language Arts,03,2024-2025,2025,3,basic,Basic,22.0,False,Unsatisfactory,reported_exact_tier,Louisiana publishes exact statewide Grade 3 LEAP ELA achievement-level percentages in the State LEA achievement summary workbook.,https://doe.louisiana.gov/docs/default-source/data-management/spring-2025-leap-2025-state-lea-achievement-level-summary.xlsx?sfvrsn=bdc2fd31_7,https://doe.louisiana.gov/resources/library/test-results
LA,Louisiana,LEAP,ELA,English Language Arts,03,2024-2025,2025,4,mastery,Mastery,36.0,False,Unsatisfactory,reported_exact_tier,Louisiana publishes exact statewide Grade 3 LEAP ELA achievement-level percentages in the State LEA achievement summary workbook.,https://doe.louisiana.gov/docs/default-source/data-management/spring-2025-leap-2025-state-lea-achievement-level-summary.xlsx?sfvrsn=bdc2fd31_7,https://doe.louisiana.gov/resources/library/test-results
LA,Louisiana,LEAP,ELA,English Language Arts,03,2024-2025,2025,5,advanced,Advanced,7.0,False,Unsatisfactory,reported_exact_tier,Louisiana publishes exact statewide Grade 3 LEAP ELA achievement-level percentages in the State LEA achievement summary workbook.,https://doe.louisiana.gov/docs/default-source/data-management/spring-2025-leap-2025-state-lea-achievement-level-summary.xlsx?sfvrsn=bdc2fd31_7,https://doe.louisiana.gov/resources/library/test-results
MA,Massachusetts,MCAS,ELA,English Language Arts,03,2024-2025,2025,1,not_meeting_expectations,Not Meeting Expectations,19.0,True,Not Meeting Expectations,reported_exact_tier,"Massachusetts School and District Profiles publishes the statewide 2025 MCAS Grade 3 ELA achievement-level split directly on the state profile page, including Exceeding, Meeting, Partially Meeting, and Not Meeting Expectations.",https://profiles.doe.mass.edu/mcas/achievement_level.aspx?linkid=32&orgcode=00000000&orgtypecode=0&,https://profiles.doe.mass.edu/mcas/achievement_level.aspx?linkid=32&orgcode=00000000&orgtypecode=0&
MA,Massachusetts,MCAS,ELA,English Language Arts,03,2024-2025,2025,2,partially_meeting_expectations,Partially Meeting Expectations,39.0,False,Not Meeting Expectations,reported_exact_tier,"Massachusetts School and District Profiles publishes the statewide 2025 MCAS Grade 3 ELA achievement-level split directly on the state profile page, including Exceeding, Meeting, Partially Meeting, and Not Meeting Expectations.",https://profiles.doe.mass.edu/mcas/achievement_level.aspx?linkid=32&orgcode=00000000&orgtypecode=0&,https://profiles.doe.mass.edu/mcas/achievement_level.aspx?linkid=32&orgcode=00000000&orgtypecode=0&
MA,Massachusetts,MCAS,ELA,English Language Arts,03,2024-2025,2025,3,meeting_expectations,Meeting Expectations,37.0,False,Not Meeting Expectations,reported_exact_tier,"Massachusetts School and District Profiles publishes the statewide 2025 MCAS Grade 3 ELA achievement-level split directly on the state profile page, including Exceeding, Meeting, Partially Meeting, and Not Meeting Expectations.",https://profiles.doe.mass.edu/mcas/achievement_level.aspx?linkid=32&orgcode=00000000&orgtypecode=0&,https://profiles.doe.mass.edu/mcas/achievement_level.aspx?linkid=32&orgcode=00000000&orgtypecode=0&
MA,Massachusetts,MCAS,ELA,English Language Arts,03,2024-2025,2025,4,exceeding_expectations,Exceeding Expectations,6.0,False,Not Meeting Expectations,reported_exact_tier,"Massachusetts School and District Profiles publishes the statewide 2025 MCAS Grade 3 ELA achievement-level split directly on the state profile page, including Exceeding, Meeting, Partially Meeting, and Not Meeting Expectations.",https://profiles.doe.mass.edu/mcas/achievement_level.aspx?linkid=32&orgcode=00000000&orgtypecode=0&,https://profiles.doe.mass.edu/mcas/achievement_level.aspx?linkid=32&orgcode=00000000&orgtypecode=0&
MD,Maryland,MCAP,ELA,English Language Arts,03,2024-2025,2025,1,pl_1,PL 1,7.3,True,PL 1,reported_exact_tier,Maryland Report Card's public 2025 MCAP English Language Arts endpoint publishes the statewide Grade 3 All Students performance-level percentages directly.,https://reportcard.msde.maryland.gov/Assessments/GetELAPerformanceBarChart,https://reportcard.msde.maryland.gov/Graphs/#/Assessments/ELAPerformance
MD,Maryland,MCAP,ELA,English Language Arts,03,2024-2025,2025,2,pl_2,PL 2,42.7,False,PL 1,reported_exact_tier,Maryland Report Card's public 2025 MCAP English Language Arts endpoint publishes the statewide Grade 3 All Students performance-level percentages directly.,https://reportcard.msde.maryland.gov/Assessments/GetELAPerformanceBarChart,https://reportcard.msde.maryland.gov/Graphs/#/Assessments/ELAPerformance
MD,Maryland,MCAP,ELA,English Language Arts,03,2024-2025,2025,3,pl_3,PL 3,44.1,False,PL 1,reported_exact_tier,Maryland Report Card's public 2025 MCAP English Language Arts endpoint publishes the statewide Grade 3 All Students performance-level percentages directly.,https://reportcard.msde.maryland.gov/Assessments/GetELAPerformanceBarChart,https://reportcard.msde.maryland.gov/Graphs/#/Assessments/ELAPerformance
MD,Maryland,MCAP,ELA,English Language Arts,03,2024-2025,2025,4,pl_4,PL 4,6.0,False,PL 1,reported_exact_tier,Maryland Report Card's public 2025 MCAP English Language Arts endpoint publishes the statewide Grade 3 All Students performance-level percentages directly.,https://reportcard.msde.maryland.gov/Assessments/GetELAPerformanceBarChart,https://reportcard.msde.maryland.gov/Graphs/#/Assessments/ELAPerformance
MS,Mississippi,MAAP,ELA,English Language Arts,03,2024-2025,2025,1,minimal,Minimal,10.7,True,Minimal,reported_exact_tier,Mississippi publishes exact statewide Grade 3 MAAP ELA performance-level percentages in the 2025 executive summary PDF.,https://mdek12.org/wp-content/uploads/sites/33/2025/08/MAAP-2025-Results-Executive-Summary.pdf,https://mdek12.org/wp-content/uploads/sites/33/2025/08/MAAP-2025-Results-Executive-Summary.pdf
MS,Mississippi,MAAP,ELA,English Language Arts,03,2024-2025,2025,2,basic,Basic,13.7,False,Minimal,reported_exact_tier,Mississippi publishes exact statewide Grade 3 MAAP ELA performance-level percentages in the 2025 executive summary PDF.,https://mdek12.org/wp-content/uploads/sites/33/2025/08/MAAP-2025-Results-Executive-Summary.pdf,https://mdek12.org/wp-content/uploads/sites/33/2025/08/MAAP-2025-Results-Executive-Summary.pdf
MS,Mississippi,MAAP,ELA,English Language Arts,03,2024-2025,2025,3,pass,Pass,26.3,False,Minimal,reported_exact_tier,Mississippi publishes exact statewide Grade 3 MAAP ELA performance-level percentages in the 2025 executive summary PDF.,https://mdek12.org/wp-content/uploads/sites/33/2025/08/MAAP-2025-Results-Executive-Summary.pdf,https://mdek12.org/wp-content/uploads/sites/33/2025/08/MAAP-2025-Results-Executive-Summary.pdf
MS,Mississippi,MAAP,ELA,English Language Arts,03,2024-2025,2025,4,proficient,Proficient,35.5,False,Minimal,reported_exact_tier,Mississippi publishes exact statewide Grade 3 MAAP ELA performance-level percentages in the 2025 executive summary PDF.,https://mdek12.org/wp-content/uploads/sites/33/2025/08/MAAP-2025-Results-Executive-Summary.pdf,https://mdek12.org/wp-content/uploads/sites/33/2025/08/MAAP-2025-Results-Executive-Summary.pdf
MS,Mississippi,MAAP,ELA,English Language Arts,03,2024-2025,2025,5,advanced,Advanced,13.9,False,Minimal,reported_exact_tier,Mississippi publishes exact statewide Grade 3 MAAP ELA performance-level percentages in the 2025 executive summary PDF.,https://mdek12.org/wp-content/uploads/sites/33/2025/08/MAAP-2025-Results-Executive-Summary.pdf,https://mdek12.org/wp-content/uploads/sites/33/2025/08/MAAP-2025-Results-Executive-Summary.pdf
NJ,New Jersey,NJSLA,ELA,English Language Arts,03,2024-2025,2025,1,level_1,Level 1,19.0,True,Level 1,reported_exact_tier,New Jersey publishes exact statewide Grade 3 NJSLA ELA performance-level percentages in the spring results workbook.,https://www.nj.gov/education/assessment/results/reports/2425/spring/ELA03%20NJSLA%20DATA%202024-25.xlsx,https://www.nj.gov/education/assessment/results/reports/2425/index.shtml
NJ,New Jersey,NJSLA,ELA,English Language Arts,03,2024-2025,2025,2,level_2,Level 2,16.0,False,Level 1,reported_exact_tier,New Jersey publishes exact statewide Grade 3 NJSLA ELA performance-level percentages in the spring results workbook.,https://www.nj.gov/education/assessment/results/reports/2425/spring/ELA03%20NJSLA%20DATA%202024-25.xlsx,https://www.nj.gov/education/assessment/results/reports/2425/index.shtml
NJ,New Jersey,NJSLA,ELA,English Language Arts,03,2024-2025,2025,3,level_3,Level 3,20.1,False,Level 1,reported_exact_tier,New Jersey publishes exact statewide Grade 3 NJSLA ELA performance-level percentages in the spring results workbook.,https://www.nj.gov/education/assessment/results/reports/2425/spring/ELA03%20NJSLA%20DATA%202024-25.xlsx,https://www.nj.gov/education/assessment/results/reports/2425/index.shtml
NJ,New Jersey,NJSLA,ELA,English Language Arts,03,2024-2025,2025,4,level_4,Level 4,37.0,False,Level 1,reported_exact_tier,New Jersey publishes exact statewide Grade 3 NJSLA ELA performance-level percentages in the spring results workbook.,https://www.nj.gov/education/assessment/results/reports/2425/spring/ELA03%20NJSLA%20DATA%202024-25.xlsx,https://www.nj.gov/education/assessment/results/reports/2425/index.shtml
NJ,New Jersey,NJSLA,ELA,English Language Arts,03,2024-2025,2025,5,level_5,Level 5,7.9,False,Level 1,reported_exact_tier,New Jersey publishes exact statewide Grade 3 NJSLA ELA performance-level percentages in the spring results workbook.,https://www.nj.gov/education/assessment/results/reports/2425/spring/ELA03%20NJSLA%20DATA%202024-25.xlsx,https://www.nj.gov/education/assessment/results/reports/2425/index.shtml
NY,New York,Grades 3-8 ELA,ELA,English Language Arts,03,2024-2025,2025,1,level_1,Level 1,20.0,True,Level 1,reported_exact_tier,NYSED Data Site's 2024-25 Report Card Database publishes All Public Schools statewide Grade 3 ELA counts and tested percentages for Levels 1 through 4 in the Annual EM ELA table.,https://data.nysed.gov/files/essa/24-25/SRC2025.zip,https://data.nysed.gov/downloads.php
NY,New York,Grades 3-8 ELA,ELA,English Language Arts,03,2024-2025,2025,2,level_2,Level 2,26.0,False,Level 1,reported_exact_tier,NYSED Data Site's 2024-25 Report Card Database publishes All Public Schools statewide Grade 3 ELA counts and tested percentages for Levels 1 through 4 in the Annual EM ELA table.,https://data.nysed.gov/files/essa/24-25/SRC2025.zip,https://data.nysed.gov/downloads.php
NY,New York,Grades 3-8 ELA,ELA,English Language Arts,03,2024-2025,2025,3,level_3,Level 3,33.0,False,Level 1,reported_exact_tier,NYSED Data Site's 2024-25 Report Card Database publishes All Public Schools statewide Grade 3 ELA counts and tested percentages for Levels 1 through 4 in the Annual EM ELA table.,https://data.nysed.gov/files/essa/24-25/SRC2025.zip,https://data.nysed.gov/downloads.php
NY,New York,Grades 3-8 ELA,ELA,English Language Arts,03,2024-2025,2025,4,level_4,Level 4,22.0,False,Level 1,reported_exact_tier,NYSED Data Site's 2024-25 Report Card Database publishes All Public Schools statewide Grade 3 ELA counts and tested percentages for Levels 1 through 4 in the Annual EM ELA table.,https://data.nysed.gov/files/essa/24-25/SRC2025.zip,https://data.nysed.gov/downloads.php
PA,Pennsylvania,PSSA,ELA,English Language Arts,03,2024-2025,2025,1,below_basic,Below Basic,20.3,True,Below Basic,reported_exact_tier,"Pennsylvania's official assessment reporting page publishes statewide Grade 3 PSSA ELA percentages for Advanced, Proficient, Basic, and Below Basic directly in the public HTML table.",https://www.pa.gov/agencies/education/data-and-reporting/assessment-reporting,https://www.pa.gov/agencies/education/data-and-reporting/assessment-reporting
PA,Pennsylvania,PSSA,ELA,English Language Arts,03,2024-2025,2025,2,basic,Basic,31.1,False,Below Basic,reported_exact_tier,"Pennsylvania's official assessment reporting page publishes statewide Grade 3 PSSA ELA percentages for Advanced, Proficient, Basic, and Below Basic directly in the public HTML table.",https://www.pa.gov/agencies/education/data-and-reporting/assessment-reporting,https://www.pa.gov/agencies/education/data-and-reporting/assessment-reporting
PA,Pennsylvania,PSSA,ELA,English Language Arts,03,2024-2025,2025,3,proficient,Proficient,38.1,False,Below Basic,reported_exact_tier,"Pennsylvania's official assessment reporting page publishes statewide Grade 3 PSSA ELA percentages for Advanced, Proficient, Basic, and Below Basic directly in the public HTML table.",https://www.pa.gov/agencies/education/data-and-reporting/assessment-reporting,https://www.pa.gov/agencies/education/data-and-reporting/assessment-reporting
PA,Pennsylvania,PSSA,ELA,English Language Arts,03,2024-2025,2025,4,advanced,Advanced,10.5,False,Below Basic,reported_exact_tier,"Pennsylvania's official assessment reporting page publishes statewide Grade 3 PSSA ELA percentages for Advanced, Proficient, Basic, and Below Basic directly in the public HTML table.",https://www.pa.gov/agencies/education/data-and-reporting/assessment-reporting,https://www.pa.gov/agencies/education/data-and-reporting/assessment-reporting
RI,Rhode Island,RICAS,ELA,English Language Arts,03,2024-2025,2025,1,not_meeting_expectations,Not Meeting Expectations,21.5,True,Not Meeting Expectations,reported_exact_tier,Rhode Island's public Assessment Data Portal publishes statewide Grade 3 RICAS ELA performance-level percentages directly for All Students.,https://www3.ride.ri.gov/ADP/Default/_Data?assessment=5&lea=00&sch=&grade=03&supergroup=0&schYear=2024-25&compareWith=&ADA=false&Growth=false&Performance=false,https://www3.ride.ri.gov/ADP
RI,Rhode Island,RICAS,ELA,English Language Arts,03,2024-2025,2025,2,partially_meeting_expectations,Partially Meeting Expectations,41.8,False,Not Meeting Expectations,reported_exact_tier,Rhode Island's public Assessment Data Portal publishes statewide Grade 3 RICAS ELA performance-level percentages directly for All Students.,https://www3.ride.ri.gov/ADP/Default/_Data?assessment=5&lea=00&sch=&grade=03&supergroup=0&schYear=2024-25&compareWith=&ADA=false&Growth=false&Performance=false,https://www3.ride.ri.gov/ADP
RI,Rhode Island,RICAS,ELA,English Language Arts,03,2024-2025,2025,3,meeting_expectations,Meeting Expectations,31.8,False,Not Meeting Expectations,reported_exact_tier,Rhode Island's public Assessment Data Portal publishes statewide Grade 3 RICAS ELA performance-level percentages directly for All Students.,https://www3.ride.ri.gov/ADP/Default/_Data?assessment=5&lea=00&sch=&grade=03&supergroup=0&schYear=2024-25&compareWith=&ADA=false&Growth=false&Performance=false,https://www3.ride.ri.gov/ADP
RI,Rhode Island,RICAS,ELA,English Language Arts,03,2024-2025,2025,4,exceeding_expectations,Exceeding Expectations,4.9,False,Not Meeting Expectations,reported_exact_tier,Rhode Island's public Assessment Data Portal publishes statewide Grade 3 RICAS ELA performance-level percentages directly for All Students.,https://www3.ride.ri.gov/ADP/Default/_Data?assessment=5&lea=00&sch=&grade=03&supergroup=0&schYear=2024-25&compareWith=&ADA=false&Growth=false&Performance=false,https://www3.ride.ri.gov/ADP
SC,South Carolina,SC READY,ELA,English Language Arts,03,2024-2025,2025,1,does_not_meet_expectations,Does Not Meet Expectations,14.4,True,Does Not Meet Expectations,reported_exact_tier,South Carolina publishes exact statewide Grade 3 SC READY ELA performance-level percentages on the public state results page.,https://ed.sc.gov/data/test-scores/state-assessments/sc-ready/2025/state-scores-by-grade-level-and-demographic/?districtCode=9999&schoolCode=1001,https://ed.sc.gov/data/test-scores/state-assessments/sc-ready/2025/state-scores-by-grade-level-and-demographic/?districtCode=9999&schoolCode=1001
SC,South Carolina,SC READY,ELA,English Language Arts,03,2024-2025,2025,2,approaches_expectations,Approaches Expectations,23.8,False,Does Not Meet Expectations,reported_exact_tier,South Carolina publishes exact statewide Grade 3 SC READY ELA performance-level percentages on the public state results page.,https://ed.sc.gov/data/test-scores/state-assessments/sc-ready/2025/state-scores-by-grade-level-and-demographic/?districtCode=9999&schoolCode=1001,https://ed.sc.gov/data/test-scores/state-assessments/sc-ready/2025/state-scores-by-grade-level-and-demographic/?districtCode=9999&schoolCode=1001
SC,South Carolina,SC READY,ELA,English Language Arts,03,2024-2025,2025,3,meets_expectations,Meets Expectations,30.8,False,Does Not Meet Expectations,reported_exact_tier,South Carolina publishes exact statewide Grade 3 SC READY ELA performance-level percentages on the public state results page.,https://ed.sc.gov/data/test-scores/state-assessments/sc-ready/2025/state-scores-by-grade-level-and-demographic/?districtCode=9999&schoolCode=1001,https://ed.sc.gov/data/test-scores/state-assessments/sc-ready/2025/state-scores-by-grade-level-and-demographic/?districtCode=9999&schoolCode=1001
SC,South Carolina,SC READY,ELA,English Language Arts,03,2024-2025,2025,4,exceeds_expectations,Exceeds Expectations,31.0,False,Does Not Meet Expectations,reported_exact_tier,South Carolina publishes exact statewide Grade 3 SC READY ELA performance-level percentages on the public state results page.,https://ed.sc.gov/data/test-scores/state-assessments/sc-ready/2025/state-scores-by-grade-level-and-demographic/?districtCode=9999&schoolCode=1001,https://ed.sc.gov/data/test-scores/state-assessments/sc-ready/2025/state-scores-by-grade-level-and-demographic/?districtCode=9999&schoolCode=1001
TN,Tennessee,TCAP,ELA,English Language Arts,03,2024-2025,2025,1,below,Below,22.9,True,Below,reported_exact_tier,Tennessee publishes exact statewide Grade 3 TCAP ELA tier percentages in the state assessment file.,https://www.tn.gov/content/dam/tn/education/accountability/2025/state_assessment_file_suppressed_2025.xlsx,https://www.tn.gov/content/tn/education/districts/federal-programs-and-oversight/data/data-downloads.html
TN,Tennessee,TCAP,ELA,English Language Arts,03,2024-2025,2025,2,approaching,Approaching,35.5,False,Below,reported_exact_tier,Tennessee publishes exact statewide Grade 3 TCAP ELA tier percentages in the state assessment file.,https://www.tn.gov/content/dam/tn/education/accountability/2025/state_assessment_file_suppressed_2025.xlsx,https://www.tn.gov/content/tn/education/districts/federal-programs-and-oversight/data/data-downloads.html
TN,Tennessee,TCAP,ELA,English Language Arts,03,2024-2025,2025,3,met_expectations,Met Expectations,27.4,False,Below,reported_exact_tier,Tennessee publishes exact statewide Grade 3 TCAP ELA tier percentages in the state assessment file.,https://www.tn.gov/content/dam/tn/education/accountability/2025/state_assessment_file_suppressed_2025.xlsx,https://www.tn.gov/content/tn/education/districts/federal-programs-and-oversight/data/data-downloads.html
TN,Tennessee,TCAP,ELA,English Language Arts,03,2024-2025,2025,4,exceeded_expectations,Exceeded Expectations,14.2,False,Below,reported_exact_tier,Tennessee publishes exact statewide Grade 3 TCAP ELA tier percentages in the state assessment file.,https://www.tn.gov/content/dam/tn/education/accountability/2025/state_assessment_file_suppressed_2025.xlsx,https://www.tn.gov/content/tn/education/districts/federal-programs-and-oversight/data/data-downloads.html
TX,Texas,STAAR,ELA,Reading Language Arts,03,2023-2024,2024,1,did_not_meet_grade_level,Did Not Meet Grade Level,26.0,True,Did Not Meet Grade Level,derived_exact_tier_from_cumulative_thresholds,"Texas reports Approaches-or-above, Meets-or-above, and Masters. Exact tiers here are derived as: did_not_meet = 100 - approaches; approaches_only = approaches - meets; meets_only = meets - masters.",https://rptsvr1.tea.texas.gov/cgi/sas/broker?_service=marykay&year4=2024&year2=&prgopt=2024/tapr/Basic%20Download/xplore/getdata2.sas&_program=perfrept.perfmast.sas&_debug=0&step=1&steps=2&sumlev=S&dsname=SSTAAR_GR3,https://rptsvr1.tea.texas.gov/perfreport/tapr/2024/Basic%20Download/DownloadSelData.html
TX,Texas,STAAR,ELA,Reading Language Arts,03,2023-2024,2024,2,approaches_grade_level_only,Approaches Grade Level Only,26.0,False,Did Not Meet Grade Level,derived_exact_tier_from_cumulative_thresholds,"Texas reports Approaches-or-above, Meets-or-above, and Masters. Exact tiers here are derived as: did_not_meet = 100 - approaches; approaches_only = approaches - meets; meets_only = meets - masters.",https://rptsvr1.tea.texas.gov/cgi/sas/broker?_service=marykay&year4=2024&year2=&prgopt=2024/tapr/Basic%20Download/xplore/getdata2.sas&_program=perfrept.perfmast.sas&_debug=0&step=1&steps=2&sumlev=S&dsname=SSTAAR_GR3,https://rptsvr1.tea.texas.gov/perfreport/tapr/2024/Basic%20Download/DownloadSelData.html
TX,Texas,STAAR,ELA,Reading Language Arts,03,2023-2024,2024,3,meets_grade_level_only,Meets Grade Level Only,27.0,False,Did Not Meet Grade Level,derived_exact_tier_from_cumulative_thresholds,"Texas reports Approaches-or-above, Meets-or-above, and Masters. Exact tiers here are derived as: did_not_meet = 100 - approaches; approaches_only = approaches - meets; meets_only = meets - masters.",https://rptsvr1.tea.texas.gov/cgi/sas/broker?_service=marykay&year4=2024&year2=&prgopt=2024/tapr/Basic%20Download/xplore/getdata2.sas&_program=perfrept.perfmast.sas&_debug=0&step=1&steps=2&sumlev=S&dsname=SSTAAR_GR3,https://rptsvr1.tea.texas.gov/perfreport/tapr/2024/Basic%20Download/DownloadSelData.html
TX,Texas,STAAR,ELA,Reading Language Arts,03,2023-2024,2024,4,masters_grade_level,Masters Grade Level,21.0,False,Did Not Meet Grade Level,derived_exact_tier_from_cumulative_thresholds,"Texas reports Approaches-or-above, Meets-or-above, and Masters. Exact tiers here are derived as: did_not_meet = 100 - approaches; approaches_only = approaches - meets; meets_only = meets - masters.",https://rptsvr1.tea.texas.gov/cgi/sas/broker?_service=marykay&year4=2024&year2=&prgopt=2024/tapr/Basic%20Download/xplore/getdata2.sas&_program=perfrept.perfmast.sas&_debug=0&step=1&steps=2&sumlev=S&dsname=SSTAAR_GR3,https://rptsvr1.tea.texas.gov/perfreport/tapr/2024/Basic%20Download/DownloadSelData.html
WA,Washington,SBAC,ELA,English Language Arts,03,2024-2025,2025,1,level_1,Level 1,28.32,True,Level 1,derived_exact_tier_from_tested_only_renormalization,Washington publishes statewide Grade 3 SBAC ELA level shares as fractions of all expected students. These exact tiers are renormalized here on a tested-only denominator by dividing each level share by participation.,https://data.wa.gov/api/views/h5d9-vgwi/rows.csv?accessType=DOWNLOAD,https://data.wa.gov/api/views/h5d9-vgwi
WA,Washington,SBAC,ELA,English Language Arts,03,2024-2025,2025,2,level_2,Level 2,22.73,False,Level 1,derived_exact_tier_from_tested_only_renormalization,Washington publishes statewide Grade 3 SBAC ELA level shares as fractions of all expected students. These exact tiers are renormalized here on a tested-only denominator by dividing each level share by participation.,https://data.wa.gov/api/views/h5d9-vgwi/rows.csv?accessType=DOWNLOAD,https://data.wa.gov/api/views/h5d9-vgwi
WA,Washington,SBAC,ELA,English Language Arts,03,2024-2025,2025,3,level_3,Level 3,21.15,False,Level 1,derived_exact_tier_from_tested_only_renormalization,Washington publishes statewide Grade 3 SBAC ELA level shares as fractions of all expected students. These exact tiers are renormalized here on a tested-only denominator by dividing each level share by participation.,https://data.wa.gov/api/views/h5d9-vgwi/rows.csv?accessType=DOWNLOAD,https://data.wa.gov/api/views/h5d9-vgwi
WA,Washington,SBAC,ELA,English Language Arts,03,2024-2025,2025,4,level_4,Level 4,27.8,False,Level 1,derived_exact_tier_from_tested_only_renormalization,Washington publishes statewide Grade 3 SBAC ELA level shares as fractions of all expected students. These exact tiers are renormalized here on a tested-only denominator by dividing each level share by participation.,https://data.wa.gov/api/views/h5d9-vgwi/rows.csv?accessType=DOWNLOAD,https://data.wa.gov/api/views/h5d9-vgwi
WI,Wisconsin,Forward Exam,ELA,English Language Arts,03,2024-2025,2025,1,developing,Developing,17.81,True,Developing,derived_exact_tier_from_tested_only_renormalization,Wisconsin publishes statewide Grade 3 Forward ELA percentages on a denominator that includes No Test. These exact tiers are renormalized here on a tested-only denominator.,https://dpi.wi.gov/sites/default/files/wise/downloads/forward_certified_2024-25.zip,https://dpi.wi.gov/wise-downloads/forwardcertified2024-25
WI,Wisconsin,Forward Exam,ELA,English Language Arts,03,2024-2025,2025,2,approaching,Approaching,30.05,False,Developing,derived_exact_tier_from_tested_only_renormalization,Wisconsin publishes statewide Grade 3 Forward ELA percentages on a denominator that includes No Test. These exact tiers are renormalized here on a tested-only denominator.,https://dpi.wi.gov/sites/default/files/wise/downloads/forward_certified_2024-25.zip,https://dpi.wi.gov/wise-downloads/forwardcertified2024-25
WI,Wisconsin,Forward Exam,ELA,English Language Arts,03,2024-2025,2025,3,meeting,Meeting,38.88,False,Developing,derived_exact_tier_from_tested_only_renormalization,Wisconsin publishes statewide Grade 3 Forward ELA percentages on a denominator that includes No Test. These exact tiers are renormalized here on a tested-only denominator.,https://dpi.wi.gov/sites/default/files/wise/downloads/forward_certified_2024-25.zip,https://dpi.wi.gov/wise-downloads/forwardcertified2024-25
WI,Wisconsin,Forward Exam,ELA,English Language Arts,03,2024-2025,2025,4,advanced,Advanced,13.26,False,Developing,derived_exact_tier_from_tested_only_renormalization,Wisconsin publishes statewide Grade 3 Forward ELA percentages on a denominator that includes No Test. These exact tiers are renormalized here on a tested-only denominator.,https://dpi.wi.gov/sites/default/files/wise/downloads/forward_certified_2024-25.zip,https://dpi.wi.gov/wise-downloads/forwardcertified2024-25
